zone,iso_year,iso_week,flood_risk,avg_temp_c,aqi_baseline,congestion_score,coastal_proximity,incidents_per_week,rain_max_mm,temp_max_c,pm25_max,disruption_days,disruption_weeks,premium_target_inr
ZONE_A,2021,52,0.0,26.5,0.0,0.55,0.0,0.0,2.8,26.5,0.0,0,0,15.0
ZONE_A,2022,1,0.0,26.6,0.0,0.55,0.0,0.0,0.1,26.6,0.0,0,0,15.0
ZONE_A,2022,2,0.0,28.2,0.0,0.55,0.0,0.0,0.3,28.2,0.0,0,0,15.0
ZONE_A,2022,3,0.0,30.0,0.0,0.55,0.0,0.0,0.2,30.0,0.0,0,0,15.0
ZONE_A,2022,4,0.0,28.0,0.0,0.55,0.0,0.0,2.8,28.0,0.0,0,0,15.0
ZONE_A,2022,5,0.0,29.5,0.0,0.55,0.0,0.0,0.0,29.5,0.0,0,0,15.0
ZONE_A,2022,6,0.0,28.8,0.0,0.55,0.0,0.0,0.0,28.8,0.0,0,0,15.0
ZONE_A,2022,7,0.0,30.8,0.0,0.55,0.0,0.0,0.0,30.8,0.0,0,0,15.0
ZONE_A,2022,8,0.0,31.5,0.0,0.55,0.0,0.0,0.0,31.5,0.0,0,0,15.0
ZONE_A,2022,9,0.0,31.1,0.0,0.55,0.0,0.0,0.0,31.1,0.0,0,0,15.0
ZONE_A,2022,10,0.0,32.2,0.0,0.55,0.0,0.0,2.5,32.2,0.0,0,0,15.0
ZONE_A,2022,11,0.0,34.0,0.0,0.55,0.0,0.0,0.0,34.0,0.0,0,0,15.0
ZONE_A,2022,12,0.0,33.8,0.0,0.55,0.0,0.0,1.8,33.8,0.0,0,0,15.0
ZONE_A,2022,13,0.0,33.9,0.0,0.55,0.0,0.0,0.1,33.9,0.0,0,0,15.0
ZONE_A,2022,14,0.0,35.0,0.0,0.55,0.0,0.0,0.0,35.0,0.0,0,0,15.0
ZONE_A,2022,15,0.0,33.7,0.0,0.55,0.0,0.0,14.9,33.7,0.0,0,0,15.0
ZONE_A,2022,16,0.0,34.1,0.0,0.55,0.0,0.0,0.2,34.1,0.0,0,0,15.0
ZONE_A,2022,17,0.0,37.0,0.0,0.55,0.0,0.0,0.1,37.0,0.0,0,0,15.0
ZONE_A,2022,18,0.0,34.4,0.0,0.55,0.0,0.0,11.8,34.4,0.0,0,0,15.0
ZONE_A,2022,19,0.0,31.5,0.0,0.55,0.0,0.0,18.0,31.5,0.0,0,0,15.0
ZONE_A,2022,20,0.0,28.0,0.0,0.55,0.0,0.0,18.0,28.0,0.0,0,0,15.0
ZONE_A,2022,21,0.0,29.8,0.0,0.55,0.0,0.0,1.7,29.8,0.0,0,0,15.0
ZONE_A,2022,22,0.0,31.4,0.0,0.55,0.0,0.0,13.3,31.4,0.0,0,0,15.0
ZONE_A,2022,23,0.0,29.5,0.0,0.55,0.0,0.0,7.9,29.5,0.0,0,0,15.0
ZONE_A,2022,24,0.0,29.5,0.0,0.55,0.0,0.0,19.4,29.5,0.0,0,0,15.0
ZONE_A,2022,25,0.0,28.0,0.0,0.55,0.0,0.0,4.5,28.0,0.0,0,0,15.0
ZONE_A,2022,26,0.0,28.2,0.0,0.55,0.0,0.0,10.2,28.2,0.0,0,0,15.0
ZONE_A,2022,27,0.0,26.1,0.0,0.55,0.0,0.0,18.5,26.1,0.0,0,0,15.0
ZONE_A,2022,28,0.0,27.7,0.0,0.55,0.0,0.0,4.5,27.7,0.0,0,0,15.0
ZONE_A,2022,29,0.0,28.8,0.0,0.55,0.0,0.0,18.6,28.8,0.0,0,0,15.0
ZONE_A,2022,30,0.0,29.1,0.0,0.55,0.0,0.0,9.9,29.1,0.0,0,0,15.0
ZONE_A,2022,31,0.0,28.5,7.557142857142857,0.55,0.0,0.0,45.3,28.5,18.9,0,0,16.0
ZONE_A,2022,32,0.0,27.4,9.428571428571429,0.55,0.0,0.0,3.0,27.4,15.2,0,0,15.0
ZONE_A,2022,33,0.0,28.5,22.614285714285717,0.55,0.0,0.0,1.8,28.5,54.0,0,0,15.07
ZONE_A,2022,34,0.0,27.8,17.87142857142857,0.55,0.0,0.0,21.0,27.8,29.9,0,0,15.93
ZONE_A,2022,35,0.0,28.5,37.18571428571429,0.55,0.0,0.0,18.7,28.5,47.5,0,0,16.27
ZONE_A,2022,36,0.0,29.0,14.142857142857142,0.55,0.0,0.0,14.8,29.0,29.4,0,0,15.4
ZONE_A,2022,37,0.0,27.5,15.0,0.55,0.0,0.0,1.3,27.5,18.1,0,0,15.0
ZONE_A,2022,38,0.0,28.0,27.214285714285715,0.55,0.0,0.0,0.7,28.0,37.8,0,0,15.0
ZONE_A,2022,39,0.0,28.0,34.41428571428572,0.55,0.0,0.0,6.9,28.0,47.4,0,0,15.29
ZONE_A,2022,40,0.0,27.0,30.400000000000002,0.55,0.0,0.0,18.6,27.0,37.4,0,0,15.96
ZONE_A,2022,41,0.0,27.0,34.77142857142857,0.55,0.0,0.0,19.0,27.0,47.5,0,0,16.3
ZONE_A,2022,42,0.0,27.2,38.871428571428574,0.55,0.0,0.0,9.7,27.2,55.3,0,0,15.76
ZONE_A,2022,43,0.0,27.0,44.214285714285715,0.55,0.0,0.0,1.7,27.0,74.7,0,0,15.69
ZONE_A,2022,44,0.0,26.6,25.885714285714283,0.55,0.0,0.0,14.7,26.6,44.9,0,0,15.86
ZONE_A,2022,45,0.0,27.0,32.98571428571429,0.55,0.0,0.0,20.8,27.0,46.7,0,0,16.42
ZONE_A,2022,46,0.0,26.5,49.0,0.55,0.0,0.0,1.3,26.5,64.0,0,0,15.33
ZONE_A,2022,47,0.0,27.0,38.528571428571425,0.55,0.0,0.0,9.5,27.0,56.8,0,0,15.79
ZONE_A,2022,48,0.0,27.5,39.528571428571425,0.55,0.0,0.0,0.5,27.5,58.8,0,0,15.1
ZONE_A,2022,49,0.0,26.9,41.32857142857143,0.55,0.0,0.0,34.8,26.9,59.6,0,0,17.23
ZONE_A,2022,50,0.0,26.0,22.442857142857143,0.55,0.0,0.0,7.2,26.0,50.1,0,0,15.4
ZONE_A,2022,51,0.0,26.4,43.385714285714286,0.55,0.0,0.0,1.7,26.4,50.5,0,0,15.0
ZONE_A,2022,52,0.0,27.1,36.142857142857146,0.55,0.0,0.0,1.2,27.1,64.5,0,0,15.34
ZONE_A,2023,1,0.0,26.5,40.39999999999999,0.55,0.0,0.0,0.2,26.5,64.0,0,0,15.24
ZONE_A,2023,2,0.0,28.7,49.771428571428565,0.55,0.0,0.0,0.0,28.7,56.5,0,0,15.0
ZONE_A,2023,3,0.0,28.7,42.41428571428571,0.55,0.0,0.0,0.0,28.7,53.2,0,0,15.0
ZONE_A,2023,4,0.0,27.9,37.17142857142857,0.55,0.0,0.0,0.0,27.9,49.6,0,0,15.0
ZONE_A,2023,5,0.0,29.8,35.27142857142857,0.55,0.0,0.0,1.6,29.8,49.4,0,0,15.0
ZONE_A,2023,6,0.0,30.8,53.714285714285715,0.55,0.0,0.0,0.0,30.8,78.9,0,0,15.67
ZONE_A,2023,7,0.0,30.4,39.5,0.55,0.0,0.0,0.0,30.4,47.4,0,0,15.0
ZONE_A,2023,8,0.0,31.4,38.24285714285714,0.55,0.0,0.0,0.0,31.4,47.7,0,0,15.0
ZONE_A,2023,9,0.0,31.0,33.3,0.55,0.0,0.0,0.0,31.0,38.8,0,0,15.0
ZONE_A,2023,10,0.0,31.0,36.57142857142857,0.55,0.0,0.0,0.0,31.0,51.2,0,0,15.0
ZONE_A,2023,11,0.0,32.4,44.385714285714286,0.55,0.0,0.0,6.2,32.4,54.2,0,0,15.44
ZONE_A,2023,12,0.0,33.3,48.642857142857146,0.55,0.0,0.0,6.2,33.3,67.5,0,0,15.84
ZONE_A,2023,13,0.0,34.7,64.5,0.55,0.0,0.0,7.6,34.7,75.2,0,0,16.19
ZONE_A,2023,14,0.0,32.6,41.57142857142857,0.55,0.0,0.0,0.7,32.6,64.7,0,0,15.3
ZONE_A,2023,15,0.0,35.0,37.01428571428572,0.55,0.0,0.0,0.0,35.0,47.6,0,0,15.0
ZONE_A,2023,16,0.0,35.2,56.74285714285714,0.55,0.0,0.0,0.5,35.2,77.1,0,0,15.66
ZONE_A,2023,17,0.0,33.6,41.82857142857143,0.55,0.0,0.0,16.7,33.6,56.3,0,0,16.37
ZONE_A,2023,18,0.0,30.2,31.714285714285715,0.55,0.0,0.0,10.7,30.2,38.4,0,0,15.33
ZONE_A,2023,19,0.0,32.8,38.471428571428575,0.55,0.0,0.0,23.7,32.8,55.3,0,0,16.92
ZONE_A,2023,20,0.0,34.2,52.699999999999996,0.55,0.0,0.0,9.5,34.2,59.8,0,0,15.88
ZONE_A,2023,21,0.0,32.3,40.214285714285715,0.55,0.0,0.0,6.7,32.3,53.0,0,0,15.44
ZONE_A,2023,22,0.0,32.7,44.457142857142856,0.55,0.0,0.0,34.3,32.7,48.8,0,0,16.91
ZONE_A,2023,23,0.0,31.6,17.442857142857143,0.55,0.0,0.0,2.8,31.6,28.8,0,0,15.0
ZONE_A,2023,24,0.0,32.0,15.114285714285714,0.55,0.0,0.0,11.6,32.0,19.4,0,0,15.0
ZONE_A,2023,25,0.0,29.6,19.75714285714286,0.55,0.0,0.0,19.3,29.6,28.6,0,0,15.75
ZONE_A,2023,26,0.0,29.5,12.157142857142857,0.55,0.0,0.0,8.5,29.5,18.7,0,0,15.0
ZONE_A,2023,27,0.0,29.4,6.485714285714286,0.55,0.0,0.0,13.0,29.4,13.5,0,0,15.0
ZONE_A,2023,28,0.0,28.3,12.485714285714286,0.55,0.0,0.0,5.0,28.3,17.6,0,0,15.0
ZONE_A,2023,29,0.0,28.0,7.042857142857143,0.55,0.0,0.0,11.2,28.0,12.8,0,0,15.0
ZONE_A,2023,30,0.0,28.1,7.742857142857143,0.55,0.0,0.0,15.6,28.1,11.1,0,0,15.0
ZONE_A,2023,31,0.0,29.1,11.828571428571427,0.55,0.0,0.0,2.3,29.1,14.8,0,0,15.0
ZONE_A,2023,32,0.0,29.8,25.842857142857145,0.55,0.0,0.0,1.6,29.8,41.4,0,0,15.0
ZONE_A,2023,33,0.0,31.0,20.02857142857143,0.55,0.0,0.0,3.6,31.0,32.6,0,0,15.0
ZONE_A,2023,34,0.0,31.4,22.357142857142858,0.55,0.0,0.0,4.4,31.4,25.4,0,0,15.0
ZONE_A,2023,35,0.0,31.5,18.214285714285715,0.55,0.0,0.0,22.8,31.5,23.3,0,0,15.87
ZONE_A,2023,36,0.0,29.2,11.642857142857142,0.55,0.0,0.0,6.9,29.2,18.5,0,0,15.0
ZONE_A,2023,37,0.0,28.9,10.342857142857143,0.55,0.0,0.0,7.2,28.9,13.4,0,0,15.0
ZONE_A,2023,38,0.0,29.1,18.97142857142857,0.55,0.0,0.0,6.7,29.1,33.1,0,0,15.0
ZONE_A,2023,39,0.0,28.4,10.5,0.55,0.0,0.0,9.8,28.4,17.6,0,0,15.0
ZONE_A,2023,40,0.0,30.0,45.271428571428565,0.55,0.0,0.0,19.9,30.0,54.0,0,0,16.57
ZONE_A,2023,41,0.0,30.8,47.08571428571429,0.55,0.0,0.0,17.1,30.8,59.4,0,0,16.5
ZONE_A,2023,42,0.0,31.5,48.028571428571425,0.55,0.0,0.0,0.9,31.5,65.0,0,0,15.33
ZONE_A,2023,43,0.0,31.0,46.800000000000004,0.55,0.0,0.0,6.4,31.0,65.4,0,0,15.79
ZONE_A,2023,44,0.0,30.0,22.728571428571428,0.55,0.0,0.0,23.8,30.0,38.9,0,0,16.43
ZONE_A,2023,45,0.0,28.0,30.442857142857147,0.55,0.0,0.0,21.6,28.0,44.5,0,0,16.42
ZONE_A,2023,46,0.0,29.8,43.042857142857144,0.55,0.0,0.0,1.2,29.8,58.6,0,0,15.16
ZONE_A,2023,47,0.0,28.5,18.914285714285715,0.55,0.0,0.0,4.9,28.5,23.6,0,0,15.0
ZONE_A,2023,48,0.0,27.9,15.285714285714286,0.55,0.0,0.0,4.7,27.9,27.8,0,0,15.0
ZONE_A,2023,49,0.0,29.4,40.42857142857143,0.55,0.0,0.0,2.4,29.4,67.5,0,0,15.53
ZONE_A,2023,50,0.0,28.2,27.657142857142855,0.55,0.0,0.0,1.5,28.2,38.5,0,0,15.0
ZONE_A,2023,51,0.0,28.5,45.228571428571435,0.55,0.0,0.0,0.0,28.5,60.3,0,0,15.11
ZONE_A,2023,52,0.0,28.2,24.114285714285717,0.55,0.0,0.0,0.0,28.2,28.5,0,0,15.0
ZONE_A,2024,1,0.0,28.5,34.44285714285714,0.55,0.0,0.0,1.7,28.5,41.9,0,0,15.0
ZONE_A,2024,2,0.0,28.2,36.51428571428571,0.55,0.0,0.0,3.5,28.2,61.7,0,0,15.44
ZONE_A,2024,3,0.0,29.4,50.885714285714286,0.55,0.0,0.0,0.0,29.4,67.1,0,0,15.31
ZONE_A,2024,4,0.0,30.2,38.82857142857143,0.55,0.0,0.0,0.0,30.2,68.7,0,0,15.36
ZONE_A,2024,5,0.0,30.9,54.65714285714286,0.55,0.0,0.0,0.0,30.9,80.8,0,0,15.73
ZONE_A,2024,6,0.0,32.8,36.957142857142856,0.55,0.0,0.0,0.0,32.8,43.9,0,0,15.0
ZONE_A,2024,7,0.0,31.9,27.114285714285717,0.55,0.0,0.0,0.0,31.9,33.6,0,0,15.0
ZONE_A,2024,8,0.0,32.9,40.385714285714286,0.55,0.0,0.0,0.0,32.9,47.6,0,0,15.0
ZONE_A,2024,9,0.0,32.3,27.614285714285717,0.55,0.0,0.0,0.0,32.3,50.1,0,0,15.0
ZONE_A,2024,10,0.0,34.9,42.1,0.55,0.0,0.0,0.0,34.9,54.4,0,0,15.0
ZONE_A,2024,11,0.0,35.0,45.442857142857136,0.55,0.0,0.0,0.0,35.0,71.0,0,0,15.43
ZONE_A,2024,12,0.0,35.0,31.25714285714286,0.55,0.0,0.0,0.0,35.0,46.7,0,0,15.0
ZONE_A,2024,13,0.0,35.8,27.271428571428572,0.55,0.0,0.0,0.0,35.8,38.0,0,0,15.0
ZONE_A,2024,14,0.0,37.2,30.342857142857145,0.55,0.0,0.0,0.0,37.2,36.8,0,0,15.0
ZONE_A,2024,15,0.0,36.6,26.914285714285715,0.55,0.0,0.0,0.0,36.6,38.3,0,0,15.0
ZONE_A,2024,16,0.0,37.8,33.885714285714286,0.55,0.0,0.0,0.0,37.8,53.0,0,0,15.0
ZONE_A,2024,17,0.0,38.2,31.742857142857144,0.55,0.0,0.0,0.0,38.2,39.2,0,0,15.0
ZONE_A,2024,18,0.0,39.5,39.91428571428571,0.55,0.0,0.0,2.4,39.5,55.6,0,0,15.16
ZONE_A,2024,19,0.0,39.5,42.457142857142856,0.55,0.0,0.0,10.1,39.5,54.4,0,0,15.77
ZONE_A,2024,20,0.0,32.5,33.8,0.55,0.0,0.0,25.2,32.5,44.9,0,0,16.73
ZONE_A,2024,21,0.0,31.5,36.628571428571426,0.55,0.0,0.0,17.9,31.5,56.9,0,0,16.49
ZONE_A,2024,22,0.0,32.7,27.97142857142857,0.55,0.0,0.0,17.8,32.7,33.9,0,0,15.78
ZONE_A,2024,23,0.0,29.3,18.428571428571427,0.55,0.0,0.0,20.5,29.3,30.6,0,0,15.91
ZONE_A,2024,24,0.0,29.8,10.914285714285715,0.55,0.0,0.0,7.6,29.8,17.0,0,0,15.0
ZONE_A,2024,25,0.0,30.0,11.6,0.55,0.0,0.0,4.9,30.0,13.8,0,0,15.0
ZONE_A,2024,26,0.0,30.0,7.6000000000000005,0.55,0.0,0.0,3.8,30.0,12.6,0,0,15.0
ZONE_A,2024,27,0.0,29.9,10.37142857142857,0.55,0.0,0.0,7.1,29.9,13.9,0,0,15.0
ZONE_A,2024,28,0.0,29.5,10.1,0.55,0.0,0.0,10.6,29.5,15.1,0,0,15.0
ZONE_A,2024,29,0.0,27.3,5.171428571428572,0.55,0.0,0.0,20.5,27.3,9.1,0,0,15.25
ZONE_A,2024,30,0.0,27.8,9.928571428571429,0.55,0.0,0.0,2.0,27.8,25.1,0,0,15.0
ZONE_A,2024,31,0.0,28.5,8.9,0.55,0.0,0.0,8.2,28.5,11.3,0,0,15.0
ZONE_A,2024,32,0.0,28.2,18.214285714285715,0.55,0.0,0.0,17.6,28.2,24.5,0,0,15.48
ZONE_A,2024,33,0.0,29.2,41.17142857142857,0.55,0.0,0.0,11.3,29.2,53.2,0,0,15.83
ZONE_A,2024,34,0.0,28.5,17.857142857142858,0.55,0.0,0.0,19.1,28.5,40.5,0,0,16.09
ZONE_A,2024,35,0.0,28.2,8.157142857142857,0.55,0.0,0.0,8.9,28.2,10.3,0,0,15.0
ZONE_A,2024,36,0.0,28.0,11.542857142857143,0.55,0.0,0.0,6.9,28.0,14.2,0,0,15.0
ZONE_A,2024,37,0.0,29.1,14.185714285714285,0.55,0.0,0.0,3.9,29.1,21.7,0,0,15.0
ZONE_A,2024,38,0.0,29.4,22.0,0.55,0.0,0.0,1.1,29.4,36.9,0,0,15.0
ZONE_A,2024,39,0.0,29.5,18.185714285714287,0.55,0.0,0.0,5.6,29.5,41.9,0,0,15.01
ZONE_A,2024,40,0.0,31.0,33.42857142857143,0.55,0.0,0.0,21.1,31.0,54.7,0,0,16.69
ZONE_A,2024,41,0.0,29.0,26.87142857142857,0.55,0.0,0.0,7.2,29.0,45.4,0,0,15.25
ZONE_A,2024,42,0.0,27.6,36.65714285714286,0.55,0.0,0.0,35.4,27.6,61.7,0,0,17.3
ZONE_A,2024,43,0.0,27.7,69.42857142857143,0.55,0.0,0.0,30.3,27.7,92.0,0,0,18.0
ZONE_A,2024,44,0.0,28.0,55.24285714285714,0.55,0.0,0.0,5.3,28.0,72.6,0,0,15.92
ZONE_A,2024,45,0.0,28.8,37.728571428571435,0.55,0.0,0.0,1.9,28.8,60.3,0,0,15.27
ZONE_A,2024,46,0.0,27.7,28.75714285714286,0.55,0.0,0.0,11.7,27.7,52.0,0,0,15.83
ZONE_A,2024,47,0.0,27.6,54.371428571428574,0.55,0.0,0.0,0.2,27.6,84.5,0,0,15.86
ZONE_A,2024,48,0.0,26.6,39.9,0.55,0.0,0.0,10.9,26.6,49.9,0,0,15.7
ZONE_A,2024,49,0.0,26.9,26.400000000000002,0.55,0.0,0.0,25.6,26.9,29.8,0,0,16.3
ZONE_A,2024,50,0.0,27.1,44.228571428571435,0.55,0.0,0.0,24.4,27.1,52.0,0,0,16.88
ZONE_A,2024,51,0.0,28.5,57.68571428571429,0.55,0.0,0.0,0.3,28.5,80.3,0,0,15.74
ZONE_A,2024,52,0.0,27.2,41.957142857142856,0.55,0.0,0.0,3.8,27.2,75.0,0,0,15.87
ZONE_A,2025,1,0.0,26.5,31.25,0.55,0.0,0.0,0.1,26.5,33.2,0,0,15.0
ZONE_B,2021,52,0.0,31.0,0.0,0.9,0.85,0.0,0.0,31.0,0.0,0,0,29.35
ZONE_B,2022,1,0.0,31.0,0.0,0.9,0.85,0.0,3.7,31.0,0.0,0,0,29.46
ZONE_B,2022,2,0.0,31.2,0.0,0.9,0.85,0.0,0.0,31.2,0.0,0,0,29.35
ZONE_B,2022,3,0.0,30.4,0.0,0.9,0.85,0.0,1.9,30.4,0.0,0,0,29.41
ZONE_B,2022,4,0.0,30.8,0.0,0.9,0.85,0.0,0.0,30.8,0.0,0,0,29.35
ZONE_B,2022,5,0.0,29.0,0.0,0.9,0.85,0.0,0.0,29.0,0.0,0,0,29.35
ZONE_B,2022,6,0.0,32.0,0.0,0.9,0.85,0.0,0.0,32.0,0.0,0,0,29.35
ZONE_B,2022,7,0.0,30.4,0.0,0.9,0.85,0.0,0.0,30.4,0.0,0,0,29.35
ZONE_B,2022,8,0.0,30.4,0.0,0.9,0.85,0.0,0.0,30.4,0.0,0,0,29.35
ZONE_B,2022,9,0.0,34.3,0.0,0.9,0.85,0.0,0.0,34.3,0.0,0,0,29.35
ZONE_B,2022,10,0.0,35.8,0.0,0.9,0.85,0.0,0.0,35.8,0.0,0,0,29.35
ZONE_B,2022,11,0.0,35.0,0.0,0.9,0.85,0.0,0.0,35.0,0.0,0,0,29.35
ZONE_B,2022,12,0.0,37.3,0.0,0.9,0.85,0.0,0.0,37.3,0.0,0,0,29.35
ZONE_B,2022,13,0.0,32.9,0.0,0.9,0.85,0.0,0.1,32.9,0.0,0,0,29.35
ZONE_B,2022,14,0.0,32.0,0.0,0.9,0.85,0.0,0.0,32.0,0.0,0,0,29.35
ZONE_B,2022,15,0.0,34.2,0.0,0.9,0.85,0.0,0.1,34.2,0.0,0,0,29.35
ZONE_B,2022,16,0.0,38.0,0.0,0.9,0.85,0.0,0.0,38.0,0.0,0,0,29.35
ZONE_B,2022,17,0.0,35.5,0.0,0.9,0.85,0.0,0.0,35.5,0.0,0,0,29.35
ZONE_B,2022,18,0.0,32.7,0.0,0.9,0.85,0.0,0.2,32.7,0.0,0,0,29.36
ZONE_B,2022,19,0.0,32.5,0.0,0.9,0.85,0.0,0.0,32.5,0.0,0,0,29.35
ZONE_B,2022,20,0.0,32.2,0.0,0.9,0.85,0.0,0.4,32.2,0.0,0,0,29.36
ZONE_B,2022,21,0.0,32.8,0.0,0.9,0.85,0.0,1.2,32.8,0.0,0,0,29.39
ZONE_B,2022,22,0.0,32.5,0.0,0.9,0.85,0.0,0.0,32.5,0.0,0,0,29.35
ZONE_B,2022,23,0.0,32.0,0.0,0.9,0.85,0.0,22.6,32.0,0.0,0,0,30.01
ZONE_B,2022,24,0.0,30.2,0.0,0.9,0.85,0.0,28.0,30.2,0.0,0,0,30.17
ZONE_B,2022,25,0.0,29.6,0.0,0.9,0.85,0.0,50.7,29.6,0.0,0,0,30.84
ZONE_B,2022,26,0.0,28.3,0.0,0.9,0.85,0.0,63.3,28.3,0.0,0,0,31.21
ZONE_B,2022,27,0.0,28.7,0.0,0.9,0.85,0.0,49.4,28.7,0.0,0,0,30.8
ZONE_B,2022,28,0.14285714285714285,28.5,0.0,0.9,0.85,1.0,86.9,28.5,0.0,1,1,31.27
ZONE_B,2022,29,0.0,29.0,0.0,0.9,0.85,0.0,32.0,29.0,0.0,0,0,30.29
ZONE_B,2022,30,0.0,29.1,0.0,0.9,0.85,0.0,10.2,29.1,0.0,0,0,29.65
ZONE_B,2022,31,0.0,29.0,21.928571428571427,0.9,0.85,0.0,64.3,29.0,50.2,0,0,31.64
ZONE_B,2022,32,0.14285714285714285,28.4,27.385714285714283,0.9,0.85,1.0,92.6,28.4,28.5,1,1,31.5
ZONE_B,2022,33,0.0,27.9,28.342857142857145,0.9,0.85,0.0,66.8,27.9,31.4,0,0,31.52
ZONE_B,2022,34,0.0,28.0,34.07142857142857,0.9,0.85,0.0,9.0,28.0,43.7,0,0,29.97
ZONE_B,2022,35,0.0,29.9,49.042857142857144,0.9,0.85,0.0,16.6,29.9,78.9,0,0,30.47
ZONE_B,2022,36,0.0,29.8,50.714285714285715,0.9,0.85,0.0,30.4,29.8,102.7,0,0,31.07
ZONE_B,2022,37,0.14285714285714285,28.0,24.014285714285712,0.9,0.85,1.0,95.8,28.0,29.2,1,1,31.5
ZONE_B,2022,38,0.0,27.6,34.24285714285714,0.9,0.85,0.0,20.5,27.6,47.5,0,0,30.33
ZONE_B,2022,39,0.0,28.8,41.457142857142856,0.9,0.85,0.0,6.8,28.8,54.2,0,0,29.99
ZONE_B,2022,40,0.0,29.8,32.4,0.9,0.85,0.0,38.3,29.8,38.8,0,0,30.79
ZONE_B,2022,41,0.0,31.8,83.98571428571428,0.9,0.85,0.0,19.9,31.8,115.9,0,0,30.87
ZONE_B,2022,42,0.0,31.2,80.27142857142857,0.9,0.85,0.0,6.0,31.2,128.1,0,0,30.56
ZONE_B,2022,43,0.0,31.8,122.87142857142858,0.9,0.85,1.0,0.0,31.8,164.8,1,1,30.68
ZONE_B,2022,44,0.0,33.3,221.25714285714284,0.9,0.85,1.0,0.0,33.3,295.2,7,1,31.48
ZONE_B,2022,45,0.0,32.7,191.32857142857142,0.9,0.85,1.0,0.0,32.7,288.7,7,1,31.48
ZONE_B,2022,46,0.0,32.0,161.92857142857142,0.9,0.85,1.0,0.0,32.0,274.7,3,1,31.48
ZONE_B,2022,47,0.0,31.7,213.68571428571428,0.9,0.85,1.0,0.0,31.7,301.7,5,1,31.48
ZONE_B,2022,48,0.0,31.8,242.15714285714284,0.9,0.85,1.0,0.0,31.8,326.0,6,1,31.48
ZONE_B,2022,49,0.0,31.4,177.85714285714286,0.9,0.85,1.0,0.0,31.4,221.7,6,1,31.14
ZONE_B,2022,50,0.0,33.0,167.91428571428574,0.9,0.85,1.0,0.0,33.0,281.3,5,1,31.48
ZONE_B,2022,51,0.0,30.8,118.74285714285713,0.9,0.85,1.0,0.0,30.8,153.7,2,1,30.59
ZONE_B,2022,52,0.0,30.0,124.14285714285714,0.9,0.85,1.0,0.0,30.0,202.6,1,1,30.98
ZONE_B,2023,1,0.0,31.6,190.42857142857142,0.9,0.85,1.0,0.0,31.6,312.0,4,1,31.48
ZONE_B,2023,2,0.0,30.6,100.67142857142858,0.9,0.85,1.0,0.0,30.6,161.6,1,1,30.65
ZONE_B,2023,3,0.0,28.5,144.3857142857143,0.9,0.85,1.0,0.0,28.5,249.6,2,1,31.36
ZONE_B,2023,4,0.0,32.5,146.0142857142857,0.9,0.85,1.0,1.6,32.5,307.3,2,1,31.53
ZONE_B,2023,5,0.0,33.6,169.0,0.9,0.85,1.0,0.0,33.6,208.2,5,1,31.03
ZONE_B,2023,6,0.0,32.7,138.87142857142857,0.9,0.85,1.0,0.0,32.7,236.6,3,1,31.26
ZONE_B,2023,7,0.0,34.5,181.67142857142858,0.9,0.85,1.0,0.0,34.5,233.3,5,1,31.23
ZONE_B,2023,8,0.0,33.6,143.85714285714286,0.9,0.85,1.0,0.0,33.6,255.2,2,1,31.41
ZONE_B,2023,9,0.0,34.6,233.9,0.9,0.85,1.0,0.0,34.6,343.7,6,1,31.48
ZONE_B,2023,10,0.0,36.2,203.29999999999998,0.9,0.85,1.0,0.0,36.2,285.0,6,1,31.48
ZONE_B,2023,11,0.0,35.9,232.20000000000002,0.9,0.85,1.0,11.2,35.9,581.1,3,1,31.81
ZONE_B,2023,12,0.0,29.9,32.042857142857144,0.9,0.85,0.0,1.6,29.9,44.0,0,0,29.75
ZONE_B,2023,13,0.0,29.6,43.971428571428575,0.9,0.85,0.0,0.4,29.6,61.9,0,0,29.86
ZONE_B,2023,14,0.0,34.5,130.81428571428572,0.9,0.85,1.0,0.0,34.5,362.3,2,1,31.48
ZONE_B,2023,15,0.0,35.2,88.95714285714287,0.9,0.85,1.0,0.0,35.2,194.6,1,1,30.92
ZONE_B,2023,16,0.0,36.4,65.1,0.9,0.85,0.0,0.1,36.4,112.0,0,0,30.26
ZONE_B,2023,17,0.0,31.8,54.542857142857144,0.9,0.85,0.0,0.4,31.8,94.3,0,0,30.12
ZONE_B,2023,18,0.0,31.5,40.81428571428571,0.9,0.85,0.0,6.9,31.5,59.3,0,0,30.03
ZONE_B,2023,19,0.0,33.5,46.871428571428574,0.9,0.85,0.0,0.2,33.5,102.9,0,0,30.19
ZONE_B,2023,20,0.0,33.1,33.25714285714286,0.9,0.85,0.0,0.6,33.1,40.6,0,0,29.7
ZONE_B,2023,21,0.0,33.3,28.54285714285714,0.9,0.85,0.0,1.5,33.3,34.3,0,0,29.67
ZONE_B,2023,22,0.0,34.1,32.05714285714286,0.9,0.85,0.0,1.9,34.1,40.9,0,0,29.74
ZONE_B,2023,23,0.0,33.5,26.914285714285715,0.9,0.85,0.0,4.6,33.5,31.9,0,0,29.74
ZONE_B,2023,24,0.0,32.3,26.485714285714288,0.9,0.85,0.0,13.2,32.3,30.0,0,0,29.98
ZONE_B,2023,25,0.0,31.0,31.24285714285714,0.9,0.85,0.0,22.5,31.0,34.0,0,0,30.28
ZONE_B,2023,26,0.0,28.1,23.185714285714287,0.9,0.85,0.0,55.0,28.1,30.3,0,0,31.21
ZONE_B,2023,27,0.14285714285714285,29.1,21.385714285714283,0.9,0.85,1.0,102.1,29.1,25.0,1,1,31.47
ZONE_B,2023,28,0.0,29.4,22.75714285714286,0.9,0.85,0.0,30.5,29.4,24.6,0,0,30.44
ZONE_B,2023,29,0.0,27.8,28.057142857142857,0.9,0.85,0.0,61.0,27.8,37.0,0,0,31.44
ZONE_B,2023,30,0.2857142857142857,28.5,23.071428571428573,0.9,0.85,1.0,89.0,28.5,26.1,2,1,31.48
ZONE_B,2023,31,0.0,28.9,24.414285714285715,0.9,0.85,0.0,14.1,28.9,27.2,0,0,29.98
ZONE_B,2023,32,0.0,28.9,22.97142857142857,0.9,0.85,0.0,7.2,28.9,25.1,0,0,29.76
ZONE_B,2023,33,0.0,29.1,20.814285714285713,0.9,0.85,0.0,9.7,29.1,22.4,0,0,29.82
ZONE_B,2023,34,0.0,29.2,15.942857142857141,0.9,0.85,0.0,18.6,29.2,17.4,0,0,30.04
ZONE_B,2023,35,0.0,30.1,25.099999999999998,0.9,0.85,0.0,10.6,30.1,32.8,0,0,29.93
ZONE_B,2023,36,0.0,29.9,23.87142857142857,0.9,0.85,0.0,39.8,29.9,31.2,0,0,30.77
ZONE_B,2023,37,0.0,29.2,17.771428571428572,0.9,0.85,0.0,7.3,29.2,20.5,0,0,29.73
ZONE_B,2023,38,0.0,28.2,17.442857142857143,0.9,0.85,0.0,28.2,28.2,20.8,0,0,30.34
ZONE_B,2023,39,0.0,32.2,48.65714285714286,0.9,0.85,0.0,23.5,32.2,84.8,0,0,30.72
ZONE_B,2023,40,0.0,31.5,38.32857142857143,0.9,0.85,0.0,6.9,31.5,52.9,0,0,29.98
ZONE_B,2023,41,0.0,33.3,54.08571428571429,0.9,0.85,0.0,0.6,33.3,78.0,0,0,30.0
ZONE_B,2023,42,0.0,34.5,85.10000000000001,0.9,0.85,0.0,0.5,34.5,122.0,0,0,30.35
ZONE_B,2023,43,0.0,34.5,71.21428571428571,0.9,0.85,0.0,0.0,34.5,84.1,0,0,30.03
ZONE_B,2023,44,0.0,35.3,86.82857142857142,0.9,0.85,0.0,0.0,35.3,118.5,0,0,30.3
ZONE_B,2023,45,0.0,35.0,75.32857142857142,0.9,0.85,0.0,0.1,35.0,92.4,0,0,30.1
ZONE_B,2023,46,0.0,34.0,84.37142857142858,0.9,0.85,0.0,0.0,34.0,94.5,0,0,30.11
ZONE_B,2023,47,0.0,33.8,70.35714285714286,0.9,0.85,0.0,2.1,33.8,92.9,0,0,30.16
ZONE_B,2023,48,0.0,32.9,55.82857142857143,0.9,0.85,0.0,1.4,32.9,76.4,0,0,30.01
ZONE_B,2023,49,0.0,32.8,50.08571428571429,0.9,0.85,0.0,0.1,32.8,57.0,0,0,29.81
ZONE_B,2023,50,0.0,32.0,52.542857142857144,0.9,0.85,0.0,0.0,32.0,63.8,0,0,29.86
ZONE_B,2023,51,0.0,32.8,71.14285714285714,0.9,0.85,0.0,0.0,32.8,79.2,0,0,29.99
ZONE_B,2023,52,0.0,33.4,89.17142857142858,0.9,0.85,0.0,0.0,33.4,96.4,0,0,30.13
ZONE_B,2024,1,0.0,31.4,82.8,0.9,0.85,0.0,0.0,31.4,90.1,0,0,30.08
ZONE_B,2024,2,0.0,33.5,74.0,0.9,0.85,0.0,1.5,33.5,100.4,0,0,30.2
ZONE_B,2024,3,0.0,30.0,55.98571428571428,0.9,0.85,0.0,0.0,30.0,83.1,0,0,30.02
ZONE_B,2024,4,0.0,32.0,53.0,0.9,0.85,0.0,0.0,32.0,74.0,0,0,29.95
ZONE_B,2024,5,0.0,34.0,58.3,0.9,0.85,0.0,0.0,34.0,70.8,0,0,29.92
ZONE_B,2024,6,0.0,32.2,49.94285714285714,0.9,0.85,0.0,0.0,32.2,61.9,0,0,29.85
ZONE_B,2024,7,0.0,34.4,89.68571428571428,0.9,0.85,0.0,0.0,34.4,120.6,0,0,30.32
ZONE_B,2024,8,0.0,33.5,33.214285714285715,0.9,0.85,0.0,0.3,33.5,68.0,0,0,29.91
ZONE_B,2024,9,0.0,34.2,76.05714285714285,0.9,0.85,0.0,0.0,34.2,111.8,0,0,30.25
ZONE_B,2024,10,0.0,34.8,35.75714285714286,0.9,0.85,0.0,0.0,34.8,43.8,0,0,29.7
ZONE_B,2024,11,0.0,34.5,42.114285714285714,0.9,0.85,0.0,0.0,34.5,59.4,0,0,29.83
ZONE_B,2024,12,0.0,37.8,61.24285714285714,0.9,0.85,0.0,0.0,37.8,83.8,0,0,30.03
ZONE_B,2024,13,0.0,34.5,33.68571428571429,0.9,0.85,0.0,0.0,34.5,39.3,0,0,29.67
ZONE_B,2024,14,0.0,36.4,42.81428571428571,0.9,0.85,0.0,0.0,36.4,59.3,0,0,29.83
ZONE_B,2024,15,0.0,33.8,35.5,0.9,0.85,0.0,0.0,33.8,43.5,0,0,29.7
ZONE_B,2024,16,0.0,41.0,40.31428571428571,0.9,0.85,0.0,0.0,41.0,66.1,0,0,29.88
ZONE_B,2024,17,0.0,39.0,36.01428571428571,0.9,0.85,0.0,0.0,39.0,46.1,0,0,29.72
ZONE_B,2024,18,0.0,37.9,34.24285714285714,0.9,0.85,0.0,0.0,37.9,46.7,0,0,29.73
ZONE_B,2024,19,0.0,33.5,20.157142857142855,0.9,0.85,0.0,0.0,33.5,28.5,0,0,29.58
ZONE_B,2024,20,0.0,37.8,42.271428571428565,0.9,0.85,0.0,2.0,37.8,72.2,0,0,29.99
ZONE_B,2024,21,0.0,35.0,24.457142857142856,0.9,0.85,0.0,1.4,35.0,28.6,0,0,29.62
ZONE_B,2024,22,0.0,34.7,23.52857142857143,0.9,0.85,0.0,1.4,34.7,30.6,0,0,29.64
ZONE_B,2024,23,0.0,34.6,24.67142857142857,0.9,0.85,0.0,23.8,34.6,33.4,0,0,30.32
ZONE_B,2024,24,0.0,30.7,20.642857142857142,0.9,0.85,0.0,32.2,30.7,28.7,0,0,30.53
ZONE_B,2024,25,0.0,31.1,25.385714285714283,0.9,0.85,0.0,58.5,31.1,29.2,0,0,31.3
ZONE_B,2024,26,0.14285714285714285,30.5,25.857142857142858,0.9,0.85,1.0,104.8,30.5,28.9,1,1,31.5
ZONE_B,2024,27,0.0,30.5,27.8,0.9,0.85,0.0,18.3,30.5,34.5,0,0,30.17
ZONE_B,2024,28,0.42857142857142855,28.8,23.842857142857145,0.9,0.85,1.0,81.9,28.8,31.2,3,1,31.52
ZONE_B,2024,29,0.14285714285714285,28.6,23.885714285714283,0.9,0.85,1.0,100.0,28.6,25.2,1,1,31.47
ZONE_B,2024,30,0.14285714285714285,29.0,32.31428571428571,0.9,0.85,1.0,85.4,29.0,61.0,1,1,31.76
ZONE_B,2024,31,0.0,28.9,24.142857142857142,0.9,0.85,0.0,37.3,28.9,28.6,0,0,30.67
ZONE_B,2024,32,0.0,28.7,20.75714285714286,0.9,0.85,0.0,18.0,28.7,25.4,0,0,30.08
ZONE_B,2024,33,0.0,29.9,19.885714285714283,0.9,0.85,0.0,4.1,29.9,21.8,0,0,29.65
ZONE_B,2024,34,0.0,30.2,26.142857142857142,0.9,0.85,0.0,67.0,30.2,39.5,0,0,31.58
ZONE_B,2024,35,0.0,28.8,19.485714285714288,0.9,0.85,0.0,19.9,28.8,22.4,0,0,30.11
ZONE_B,2024,36,0.0,28.2,18.457142857142856,0.9,0.85,0.0,28.3,28.2,23.3,0,0,30.37
ZONE_B,2024,37,0.0,28.6,19.071428571428573,0.9,0.85,0.0,8.3,28.6,24.6,0,0,29.79
ZONE_B,2024,38,0.0,29.6,26.814285714285713,0.9,0.85,0.0,6.1,29.6,29.7,0,0,29.77
ZONE_B,2024,39,0.14285714285714285,29.1,21.614285714285717,0.9,0.85,1.0,73.7,29.1,26.3,1,1,31.48
ZONE_B,2024,40,0.0,31.2,34.9,0.9,0.85,0.0,25.5,31.2,53.7,0,0,30.53
ZONE_B,2024,41,0.0,31.3,56.44285714285714,0.9,0.85,0.0,10.1,31.3,80.3,0,0,30.29
ZONE_B,2024,42,0.0,31.4,48.24285714285714,0.9,0.85,0.0,22.3,31.4,66.6,0,0,30.54
ZONE_B,2024,43,0.0,32.5,63.52857142857143,0.9,0.85,0.0,14.1,32.5,87.1,0,0,30.47
ZONE_B,2024,44,0.0,34.0,76.38571428571429,0.9,0.85,0.0,0.1,34.0,93.4,0,0,30.11
ZONE_B,2024,45,0.0,34.3,77.04285714285713,0.9,0.85,0.0,0.0,34.3,85.4,0,0,30.04
ZONE_B,2024,46,0.0,35.6,81.31428571428572,0.9,0.85,0.0,0.2,35.6,93.4,0,0,30.11
ZONE_B,2024,47,0.0,34.8,85.21428571428571,0.9,0.85,0.0,0.0,34.8,120.6,0,0,30.32
ZONE_B,2024,48,0.0,32.8,70.8,0.9,0.85,0.0,0.0,32.8,98.3,0,0,30.14
ZONE_B,2024,49,0.0,34.2,58.25714285714286,0.9,0.85,0.0,0.2,34.2,78.2,0,0,29.99
ZONE_B,2024,50,0.0,33.2,59.67142857142857,0.9,0.85,0.0,0.0,33.2,80.1,0,0,30.0
ZONE_B,2024,51,0.0,32.0,81.55714285714285,0.9,0.85,0.0,0.1,32.0,111.3,0,0,30.25
ZONE_B,2024,52,0.0,30.2,113.05714285714285,0.9,0.85,0.0,0.9,30.2,136.9,0,0,30.48
ZONE_B,2025,1,0.0,32.3,92.4,0.9,0.85,0.0,0.0,32.3,96.6,0,0,30.13
ZONE_C,2021,52,0.0,18.8,0.0,0.88,0.0,0.0,0.0,18.8,0.0,0,0,48.53
ZONE_C,2022,1,0.0,21.9,0.0,0.88,0.0,0.0,31.1,21.9,0.0,0,0,50.0
ZONE_C,2022,2,0.0,17.4,0.0,0.88,0.0,0.0,0.0,17.4,0.0,0,0,48.53
ZONE_C,2022,3,0.0,18.4,0.0,0.88,0.0,0.0,22.2,18.4,0.0,0,0,49.63
ZONE_C,2022,4,0.0,20.2,0.0,0.88,0.0,0.0,0.5,20.2,0.0,0,0,48.56
ZONE_C,2022,5,0.0,20.8,0.0,0.88,0.0,0.0,11.1,20.8,0.0,0,0,49.08
ZONE_C,2022,6,0.0,22.4,0.0,0.88,0.0,0.0,3.1,22.4,0.0,0,0,48.69
ZONE_C,2022,7,0.0,25.0,0.0,0.88,0.0,0.0,0.0,25.0,0.0,0,0,48.53
ZONE_C,2022,8,0.0,25.9,0.0,0.88,0.0,0.0,2.4,25.9,0.0,0,0,48.65
ZONE_C,2022,9,0.0,27.1,0.0,0.88,0.0,0.0,0.3,27.1,0.0,0,0,48.55
ZONE_C,2022,10,0.0,31.9,0.0,0.88,0.0,0.0,0.0,31.9,0.0,0,0,48.53
ZONE_C,2022,11,0.0,36.7,0.0,0.88,0.0,0.0,0.0,36.7,0.0,0,0,48.53
ZONE_C,2022,12,0.0,36.9,0.0,0.88,0.0,0.0,0.0,36.9,0.0,0,0,48.53
ZONE_C,2022,13,0.0,39.3,0.0,0.88,0.0,0.0,0.0,39.3,0.0,0,0,48.53
ZONE_C,2022,14,0.0,42.0,0.0,0.88,0.0,1.0,0.0,42.0,0.0,1,1,48.53
ZONE_C,2022,15,0.0,41.8,0.0,0.88,0.0,0.0,0.0,41.8,0.0,0,0,48.53
ZONE_C,2022,16,0.0,42.2,0.0,0.88,0.0,1.0,0.0,42.2,0.0,1,1,48.53
ZONE_C,2022,17,0.0,43.8,0.0,0.88,0.0,1.0,0.0,43.8,0.0,3,1,48.53
ZONE_C,2022,18,0.0,41.3,0.0,0.88,0.0,0.0,0.1,41.3,0.0,0,0,48.54
ZONE_C,2022,19,0.0,45.6,0.0,0.88,0.0,1.0,0.0,45.6,0.0,4,1,48.53
ZONE_C,2022,20,0.0,45.5,0.0,0.88,0.0,1.0,0.0,45.5,0.0,4,1,48.53
ZONE_C,2022,21,0.0,40.9,0.0,0.88,0.0,0.0,18.7,40.9,0.0,0,0,49.46
ZONE_C,2022,22,0.0,44.2,0.0,0.88,0.0,1.0,0.3,44.2,0.0,4,1,48.55
ZONE_C,2022,23,0.0,43.9,0.0,0.88,0.0,1.0,0.0,43.9,0.0,7,1,48.53
ZONE_C,2022,24,0.0,43.4,0.0,0.88,0.0,1.0,6.9,43.4,0.0,2,1,48.88
ZONE_C,2022,25,0.0,40.0,0.0,0.88,0.0,0.0,10.6,40.0,0.0,0,0,49.06
ZONE_C,2022,26,0.0,42.0,0.0,0.88,0.0,1.0,7.8,42.0,0.0,1,1,48.92
ZONE_C,2022,27,0.0,36.6,0.0,0.88,0.0,0.0,19.4,36.6,0.0,0,0,49.49
ZONE_C,2022,28,0.0,35.5,0.0,0.88,0.0,0.0,14.0,35.5,0.0,0,0,49.23
ZONE_C,2022,29,0.0,35.2,0.0,0.88,0.0,0.0,28.7,35.2,0.0,0,0,49.95
ZONE_C,2022,30,0.0,32.7,0.0,0.88,0.0,0.0,20.5,32.7,0.0,0,0,49.55
ZONE_C,2022,31,0.0,33.5,52.028571428571425,0.88,0.0,0.0,21.5,33.5,117.6,0,0,50.0
ZONE_C,2022,32,0.0,34.5,74.01428571428572,0.88,0.0,0.0,9.9,34.5,101.5,0,0,49.92
ZONE_C,2022,33,0.0,34.1,49.31428571428571,0.88,0.0,0.0,8.7,34.1,62.4,0,0,49.52
ZONE_C,2022,34,0.0,36.2,69.24285714285715,0.88,0.0,0.0,6.2,36.2,114.1,0,0,49.85
ZONE_C,2022,35,0.0,38.4,121.77142857142857,0.88,0.0,1.0,1.5,38.4,183.0,1,1,50.0
ZONE_C,2022,36,0.0,37.8,146.55714285714288,0.88,0.0,1.0,2.8,37.8,195.6,4,1,50.0
ZONE_C,2022,37,0.0,34.8,79.20000000000002,0.88,0.0,0.0,13.6,34.8,138.3,0,0,50.0
ZONE_C,2022,38,0.0,33.3,114.3,0.88,0.0,1.0,52.0,33.3,196.5,2,1,50.0
ZONE_C,2022,39,0.0,33.2,148.08571428571426,0.88,0.0,1.0,0.2,33.2,193.2,4,1,50.0
ZONE_C,2022,40,0.0,33.3,80.95714285714287,0.88,0.0,1.0,37.7,33.3,169.0,1,1,50.0
ZONE_C,2022,41,0.0,30.0,126.39999999999999,0.88,0.0,1.0,2.4,30.0,238.0,2,1,50.0
ZONE_C,2022,42,0.0,30.5,167.24285714285716,0.88,0.0,1.0,0.0,30.5,241.2,5,1,50.0
ZONE_C,2022,43,0.0,30.0,206.82857142857142,0.88,0.0,1.0,0.0,30.0,295.2,5,1,50.0
ZONE_C,2022,44,0.0,30.6,221.25714285714284,0.88,0.0,1.0,0.0,30.6,323.2,7,1,50.0
ZONE_C,2022,45,0.0,30.4,178.52857142857144,0.88,0.0,1.0,7.9,30.4,251.5,5,1,50.0
ZONE_C,2022,46,0.0,27.6,131.64285714285714,0.88,0.0,1.0,0.0,27.6,188.1,3,1,50.0
ZONE_C,2022,47,0.0,25.6,117.11428571428571,0.88,0.0,1.0,0.0,25.6,215.6,2,1,50.0
ZONE_C,2022,48,0.0,24.2,234.62857142857143,0.88,0.0,1.0,0.0,24.2,337.1,7,1,50.0
ZONE_C,2022,49,0.0,25.2,131.4,0.88,0.0,1.0,0.0,25.2,210.5,2,1,50.0
ZONE_C,2022,50,0.0,24.7,87.12857142857142,0.88,0.0,1.0,0.0,24.7,220.7,2,1,50.0
ZONE_C,2022,51,0.0,21.3,133.28571428571428,0.88,0.0,1.0,0.0,21.3,220.7,1,1,50.0
ZONE_C,2022,52,0.0,20.5,174.62857142857143,0.88,0.0,1.0,0.0,20.5,265.4,4,1,50.0
ZONE_C,2023,1,0.0,17.8,233.9,0.88,0.0,1.0,0.0,17.8,283.1,7,1,50.0
ZONE_C,2023,2,0.0,20.2,174.24285714285716,0.88,0.0,1.0,14.3,20.2,273.8,4,1,50.0
ZONE_C,2023,3,0.0,21.5,143.41428571428574,0.88,0.0,1.0,0.0,21.5,240.3,3,1,50.0
ZONE_C,2023,4,0.0,22.7,172.4,0.88,0.0,1.0,6.3,22.7,258.0,5,1,50.0
ZONE_C,2023,5,0.0,23.3,105.65714285714286,0.88,0.0,1.0,26.0,23.3,165.3,1,1,50.0
ZONE_C,2023,6,0.0,26.1,128.87142857142857,0.88,0.0,1.0,0.5,26.1,224.4,3,1,50.0
ZONE_C,2023,7,0.0,28.3,160.79999999999998,0.88,0.0,1.0,0.0,28.3,248.7,4,1,50.0
ZONE_C,2023,8,0.0,31.0,120.15714285714286,0.88,0.0,1.0,0.0,31.0,198.8,1,1,50.0
ZONE_C,2023,9,0.0,31.0,85.05714285714285,0.88,0.0,0.0,0.0,31.0,129.5,0,0,49.68
ZONE_C,2023,10,0.0,32.0,131.64285714285714,0.88,0.0,1.0,0.4,32.0,213.7,3,1,50.0
ZONE_C,2023,11,0.0,32.6,140.67142857142858,0.88,0.0,1.0,0.7,32.6,186.7,3,1,50.0
ZONE_C,2023,12,0.0,28.0,107.87142857142858,0.88,0.0,1.0,24.6,28.0,174.2,1,1,50.0
ZONE_C,2023,13,0.0,31.1,124.62857142857142,0.88,0.0,1.0,12.4,31.1,194.6,2,1,50.0
ZONE_C,2023,14,0.0,33.5,58.0,0.88,0.0,0.0,0.0,33.5,105.5,0,0,49.47
ZONE_C,2023,15,0.0,39.2,69.35714285714286,0.88,0.0,0.0,0.0,39.2,122.5,0,0,49.62
ZONE_C,2023,16,0.0,39.2,71.3,0.88,0.0,0.0,0.0,39.2,123.4,0,0,49.63
ZONE_C,2023,17,0.0,36.4,89.05714285714285,0.88,0.0,0.0,1.5,36.4,107.8,0,0,49.56
ZONE_C,2023,18,0.0,35.2,107.77142857142857,0.88,0.0,1.0,6.6,35.2,159.3,1,1,50.0
ZONE_C,2023,19,0.0,41.7,103.11428571428571,0.88,0.0,0.0,0.0,41.7,140.6,0,0,49.78
ZONE_C,2023,20,0.0,43.0,71.5,0.88,0.0,1.0,0.0,43.0,93.4,1,1,49.36
ZONE_C,2023,21,0.0,43.5,91.52857142857144,0.88,0.0,1.0,15.4,43.5,125.7,2,1,50.0
ZONE_C,2023,22,0.0,35.8,71.7,0.88,0.0,0.0,2.8,35.8,92.4,0,0,49.49
ZONE_C,2023,23,0.0,41.3,92.71428571428571,0.88,0.0,1.0,0.2,41.3,162.5,1,1,49.98
ZONE_C,2023,24,0.0,42.2,62.114285714285714,0.88,0.0,1.0,1.1,42.2,109.7,1,1,49.56
ZONE_C,2023,25,0.0,36.8,98.51428571428572,0.88,0.0,0.0,21.6,36.8,136.0,0,0,50.0
ZONE_C,2023,26,0.0,35.0,70.0,0.88,0.0,0.0,18.4,35.0,101.7,0,0,50.0
ZONE_C,2023,27,0.0,36.5,45.542857142857144,0.88,0.0,0.0,36.0,36.5,73.8,0,0,50.0
ZONE_C,2023,28,0.0,33.6,58.08571428571429,0.88,0.0,0.0,25.1,33.6,78.9,0,0,50.0
ZONE_C,2023,29,0.0,35.5,64.75714285714285,0.88,0.0,0.0,27.9,35.5,89.2,0,0,50.0
ZONE_C,2023,30,0.0,34.2,66.8,0.88,0.0,0.0,23.8,34.2,88.2,0,0,50.0
ZONE_C,2023,31,0.0,34.9,64.12857142857142,0.88,0.0,0.0,13.5,34.9,81.7,0,0,49.93
ZONE_C,2023,32,0.0,35.8,73.34285714285714,0.88,0.0,0.0,0.7,35.8,96.2,0,0,49.42
ZONE_C,2023,33,0.0,36.7,71.17142857142856,0.88,0.0,0.0,7.3,36.7,81.5,0,0,49.62
ZONE_C,2023,34,0.0,36.9,68.62857142857142,0.88,0.0,0.0,21.1,36.9,109.0,0,0,50.0
ZONE_C,2023,35,0.0,38.4,78.18571428571428,0.88,0.0,0.0,1.7,38.4,92.9,0,0,49.44
ZONE_C,2023,36,0.0,39.0,67.64285714285714,0.88,0.0,0.0,41.0,39.0,111.3,0,0,50.0
ZONE_C,2023,37,0.0,34.1,62.0,0.88,0.0,0.0,8.4,34.1,84.3,0,0,49.7
ZONE_C,2023,38,0.0,33.0,69.18571428571428,0.88,0.0,0.0,4.2,33.0,88.5,0,0,49.53
ZONE_C,2023,39,0.0,34.7,59.457142857142856,0.88,0.0,0.0,0.0,34.7,79.2,0,0,49.24
ZONE_C,2023,40,0.0,35.5,72.75714285714285,0.88,0.0,0.0,0.0,35.5,98.0,0,0,49.4
ZONE_C,2023,41,0.0,35.6,73.8,0.88,0.0,0.0,0.4,35.6,87.5,0,0,49.33
ZONE_C,2023,42,0.0,30.3,64.42857142857143,0.88,0.0,0.0,3.3,30.3,79.6,0,0,49.4
ZONE_C,2023,43,0.0,31.3,74.94285714285715,0.88,0.0,0.0,0.0,31.3,122.0,0,0,49.61
ZONE_C,2023,44,0.0,31.6,119.88571428571429,0.88,0.0,0.0,0.6,31.6,125.3,0,0,49.67
ZONE_C,2023,45,0.0,29.9,122.42857142857143,0.88,0.0,1.0,1.6,29.9,163.0,2,1,50.0
ZONE_C,2023,46,0.0,26.6,137.15714285714287,0.88,0.0,1.0,0.0,26.6,194.6,3,1,50.0
ZONE_C,2023,47,0.0,25.5,160.28571428571428,0.88,0.0,1.0,0.0,25.5,196.0,5,1,50.0
ZONE_C,2023,48,0.0,24.4,150.25714285714284,0.88,0.0,1.0,2.8,24.4,205.8,2,1,50.0
ZONE_C,2023,49,0.0,24.0,110.57142857142857,0.88,0.0,0.0,0.0,24.0,147.1,0,0,49.84
ZONE_C,2023,50,0.0,22.8,142.5142857142857,0.88,0.0,1.0,0.0,22.8,189.5,3,1,50.0
ZONE_C,2023,51,0.0,22.7,155.20000000000002,0.88,0.0,1.0,1.2,22.7,265.4,3,1,50.0
ZONE_C,2023,52,0.0,22.9,204.02857142857144,0.88,0.0,1.0,0.0,22.9,256.1,6,1,50.0
ZONE_C,2024,1,0.0,17.5,159.5142857142857,0.88,0.0,1.0,0.1,17.5,213.3,4,1,50.0
ZONE_C,2024,2,0.0,18.4,155.12857142857143,0.88,0.0,1.0,0.0,18.4,203.5,4,1,50.0
ZONE_C,2024,3,0.0,17.8,204.31428571428572,0.88,0.0,1.0,0.0,17.8,243.1,6,1,50.0
ZONE_C,2024,4,0.0,20.4,164.78571428571428,0.88,0.0,1.0,0.0,20.4,193.7,5,1,50.0
ZONE_C,2024,5,0.0,21.1,163.18571428571428,0.88,0.0,1.0,33.0,21.1,256.1,3,1,50.0
ZONE_C,2024,6,0.0,21.4,80.02857142857144,0.88,0.0,0.0,0.8,21.4,126.2,0,0,49.69
ZONE_C,2024,7,0.0,27.5,114.7,0.88,0.0,1.0,0.0,27.5,152.3,1,1,49.88
ZONE_C,2024,8,0.0,27.4,72.84285714285714,0.88,0.0,0.0,0.1,27.4,102.0,0,0,49.44
ZONE_C,2024,9,0.0,26.6,68.34285714285714,0.88,0.0,0.0,6.7,26.6,91.5,0,0,49.68
ZONE_C,2024,10,0.0,26.2,75.14285714285714,0.88,0.0,0.0,0.0,26.2,120.1,0,0,49.6
ZONE_C,2024,11,0.0,29.3,72.14285714285714,0.88,0.0,0.0,0.0,29.3,118.3,0,0,49.58
ZONE_C,2024,12,0.0,33.9,82.42857142857143,0.88,0.0,0.0,0.0,33.9,107.3,0,0,49.48
ZONE_C,2024,13,0.0,36.8,67.4,0.88,0.0,0.0,1.3,36.8,78.9,0,0,49.3
ZONE_C,2024,14,0.0,36.3,46.25714285714286,0.88,0.0,0.0,0.0,36.3,52.2,0,0,49.0
ZONE_C,2024,15,0.0,38.6,62.300000000000004,0.88,0.0,0.0,2.4,38.6,92.0,0,0,49.47
ZONE_C,2024,16,0.0,38.2,61.0,0.88,0.0,0.0,0.0,38.2,67.1,0,0,49.13
ZONE_C,2024,17,0.0,39.4,51.07142857142857,0.88,0.0,0.0,0.1,39.4,64.5,0,0,49.11
ZONE_C,2024,18,0.0,41.0,67.8,0.88,0.0,0.0,0.0,41.0,114.1,0,0,49.54
ZONE_C,2024,19,0.0,41.3,73.87142857142858,0.88,0.0,0.0,0.8,41.3,92.0,0,0,49.39
ZONE_C,2024,20,0.0,45.3,79.57142857142857,0.88,0.0,1.0,0.0,45.3,104.1,5,1,49.46
ZONE_C,2024,21,0.0,46.3,69.3,0.88,0.0,1.0,0.2,46.3,84.1,5,1,49.29
ZONE_C,2024,22,0.0,46.4,72.58571428571429,0.88,0.0,1.0,0.0,46.4,84.3,6,1,49.28
ZONE_C,2024,23,0.0,44.7,82.08571428571429,0.88,0.0,1.0,0.0,44.7,110.4,4,1,49.51
ZONE_C,2024,24,0.0,45.1,57.142857142857146,0.88,0.0,1.0,0.0,45.1,66.1,7,1,49.12
ZONE_C,2024,25,0.0,44.3,81.65714285714286,0.88,0.0,1.0,2.4,44.3,104.3,2,1,49.58
ZONE_C,2024,26,0.0,39.2,83.37142857142858,0.88,0.0,0.0,14.3,39.2,112.5,0,0,50.0
ZONE_C,2024,27,0.0,34.6,52.714285714285715,0.88,0.0,0.0,15.6,34.6,79.9,0,0,50.0
ZONE_C,2024,28,0.0,36.3,90.85714285714286,0.88,0.0,0.0,11.7,36.3,111.8,0,0,50.0
ZONE_C,2024,29,0.0,35.0,70.31428571428572,0.88,0.0,0.0,20.3,35.0,92.0,0,0,50.0
ZONE_C,2024,30,0.0,35.4,83.24285714285715,0.88,0.0,0.0,10.2,35.4,109.0,0,0,50.0
ZONE_C,2024,31,0.14285714285714285,37.3,56.800000000000004,0.88,0.0,1.0,97.6,37.3,74.0,1,1,50.0
ZONE_C,2024,32,0.0,32.7,48.114285714285714,0.88,0.0,0.0,35.7,32.7,58.7,0,0,50.0
ZONE_C,2024,33,0.0,32.8,63.871428571428574,0.88,0.0,0.0,11.7,32.8,78.2,0,0,49.81
ZONE_C,2024,34,0.0,33.0,64.25714285714285,0.88,0.0,0.0,15.4,33.0,93.4,0,0,50.0
ZONE_C,2024,35,0.0,33.7,52.91428571428571,0.88,0.0,0.0,28.6,33.7,78.9,0,0,50.0
ZONE_C,2024,36,0.0,31.8,59.55714285714286,0.88,0.0,0.0,27.0,31.8,71.5,0,0,50.0
ZONE_C,2024,37,0.14285714285714285,32.8,66.47142857142858,0.88,0.0,1.0,100.9,32.8,79.2,1,1,50.0
ZONE_C,2024,38,0.0,33.2,96.05714285714285,0.88,0.0,0.0,48.4,33.2,136.9,0,0,50.0
ZONE_C,2024,39,0.0,33.6,85.67142857142858,0.88,0.0,1.0,1.3,33.6,159.3,1,1,50.0
ZONE_C,2024,40,0.0,35.2,103.17142857142858,0.88,0.0,0.0,0.0,35.2,129.9,0,0,49.68
ZONE_C,2024,41,0.0,33.2,65.87142857142858,0.88,0.0,0.0,0.0,33.2,91.7,0,0,49.35
ZONE_C,2024,42,0.0,34.3,113.3142857142857,0.88,0.0,0.0,0.0,34.3,128.5,0,0,49.67
ZONE_C,2024,43,0.0,33.1,112.58571428571427,0.88,0.0,1.0,0.0,33.1,154.1,1,1,49.9
ZONE_C,2024,44,0.0,34.8,118.67142857142858,0.88,0.0,0.0,0.0,34.8,147.6,0,0,49.84
ZONE_C,2024,45,0.0,31.0,184.14285714285714,0.88,0.0,1.0,0.0,31.0,221.2,7,1,50.0
ZONE_C,2024,46,0.0,31.5,179.34285714285716,0.88,0.0,1.0,0.0,31.5,228.2,7,1,50.0
ZONE_C,2024,47,0.0,27.6,184.08571428571426,0.88,0.0,1.0,0.0,27.6,237.0,5,1,50.0
ZONE_C,2024,48,0.0,25.9,134.35714285714286,0.88,0.0,1.0,0.0,25.9,173.7,2,1,50.0
ZONE_C,2024,49,0.0,26.4,115.97142857142856,0.88,0.0,1.0,0.6,26.4,225.8,2,1,50.0
ZONE_C,2024,50,0.0,20.7,93.88571428571429,0.88,0.0,1.0,0.0,20.7,196.0,1,1,50.0
ZONE_C,2024,51,0.0,23.0,236.95714285714286,0.88,0.0,1.0,0.0,23.0,259.8,7,1,50.0
ZONE_C,2024,52,0.0,22.5,173.4857142857143,0.88,0.0,1.0,31.9,22.5,235.6,5,1,50.0
ZONE_C,2025,1,0.0,18.3,174.9,0.88,0.0,1.0,0.0,18.3,204.0,1,1,50.0
ZONE_D,2021,52,0.0,27.9,0.0,0.68,0.05,0.0,0.0,27.9,0.0,0,0,15.0
ZONE_D,2022,1,0.0,28.4,0.0,0.68,0.05,0.0,0.4,28.4,0.0,0,0,15.0
ZONE_D,2022,2,0.0,27.2,0.0,0.68,0.05,0.0,2.8,27.2,0.0,0,0,15.0
ZONE_D,2022,3,0.0,31.1,0.0,0.68,0.05,0.0,1.7,31.1,0.0,0,0,15.0
ZONE_D,2022,4,0.0,28.6,0.0,0.68,0.05,0.0,0.0,28.6,0.0,0,0,15.0
ZONE_D,2022,5,0.0,31.0,0.0,0.68,0.05,0.0,0.0,31.0,0.0,0,0,15.0
ZONE_D,2022,6,0.0,30.5,0.0,0.68,0.05,0.0,0.0,30.5,0.0,0,0,15.0
ZONE_D,2022,7,0.0,32.7,0.0,0.68,0.05,0.0,0.0,32.7,0.0,0,0,15.0
ZONE_D,2022,8,0.0,33.5,0.0,0.68,0.05,0.0,0.0,33.5,0.0,0,0,15.0
ZONE_D,2022,9,0.0,33.5,0.0,0.68,0.05,0.0,0.0,33.5,0.0,0,0,15.0
ZONE_D,2022,10,0.0,34.3,0.0,0.68,0.05,0.0,0.6,34.3,0.0,0,0,15.0
ZONE_D,2022,11,0.0,38.1,0.0,0.68,0.05,0.0,0.3,38.1,0.0,0,0,15.0
ZONE_D,2022,12,0.0,37.8,0.0,0.68,0.05,0.0,0.1,37.8,0.0,0,0,15.0
ZONE_D,2022,13,0.0,39.1,0.0,0.68,0.05,0.0,0.0,39.1,0.0,0,0,15.0
ZONE_D,2022,14,0.0,38.0,0.0,0.68,0.05,0.0,0.0,38.0,0.0,0,0,15.0
ZONE_D,2022,15,0.0,38.8,0.0,0.68,0.05,0.0,0.1,38.8,0.0,0,0,15.0
ZONE_D,2022,16,0.0,39.4,0.0,0.68,0.05,0.0,0.1,39.4,0.0,0,0,15.0
ZONE_D,2022,17,0.0,39.0,0.0,0.68,0.05,0.0,0.0,39.0,0.0,0,0,15.0
ZONE_D,2022,18,0.0,38.3,0.0,0.68,0.05,0.0,0.9,38.3,0.0,0,0,15.0
ZONE_D,2022,19,0.0,38.4,0.0,0.68,0.05,0.0,5.7,38.4,0.0,0,0,15.0
ZONE_D,2022,20,0.0,36.1,0.0,0.68,0.05,0.0,15.7,36.1,0.0,0,0,15.27
ZONE_D,2022,21,0.0,36.9,0.0,0.68,0.05,0.0,0.3,36.9,0.0,0,0,15.0
ZONE_D,2022,22,0.0,38.6,0.0,0.68,0.05,0.0,5.9,38.6,0.0,0,0,15.0
ZONE_D,2022,23,0.0,38.2,0.0,0.68,0.05,0.0,0.8,38.2,0.0,0,0,15.0
ZONE_D,2022,24,0.0,33.2,0.0,0.68,0.05,0.0,12.7,33.2,0.0,0,0,15.11
ZONE_D,2022,25,0.0,31.6,0.0,0.68,0.05,0.0,17.7,31.6,0.0,0,0,15.38
ZONE_D,2022,26,0.0,31.5,0.0,0.68,0.05,0.0,12.7,31.5,0.0,0,0,15.11
ZONE_D,2022,27,0.0,29.0,0.0,0.68,0.05,0.0,53.2,29.0,0.0,0,0,16.39
ZONE_D,2022,28,0.0,29.2,0.0,0.68,0.05,0.0,38.3,29.2,0.0,0,0,16.39
ZONE_D,2022,29,0.0,30.1,0.0,0.68,0.05,0.0,23.6,30.1,0.0,0,0,15.69
ZONE_D,2022,30,0.0,29.9,0.0,0.68,0.05,0.0,10.4,29.9,0.0,0,0,15.0
ZONE_D,2022,31,0.0,30.1,10.585714285714285,0.68,0.05,0.0,14.1,30.1,29.6,0,0,15.85
ZONE_D,2022,32,0.0,29.0,9.814285714285715,0.68,0.05,0.0,25.1,29.0,13.7,0,0,16.08
ZONE_D,2022,33,0.0,30.3,14.057142857142859,0.68,0.05,0.0,9.7,30.3,21.1,0,0,15.43
ZONE_D,2022,34,0.0,30.2,22.457142857142856,0.68,0.05,0.0,2.2,30.2,35.4,0,0,15.35
ZONE_D,2022,35,0.0,31.0,39.65714285714286,0.68,0.05,0.0,12.9,31.0,58.8,0,0,16.45
ZONE_D,2022,36,0.0,30.0,24.414285714285715,0.68,0.05,0.0,25.9,30.0,35.2,0,0,16.61
ZONE_D,2022,37,0.0,29.1,13.442857142857141,0.68,0.05,0.0,5.0,29.1,17.5,0,0,15.09
ZONE_D,2022,38,0.0,28.8,24.057142857142857,0.68,0.05,0.0,4.0,28.8,33.9,0,0,15.41
ZONE_D,2022,39,0.0,30.0,36.9,0.68,0.05,0.0,16.0,30.0,44.7,0,0,16.3
ZONE_D,2022,40,0.0,30.1,45.67142857142857,0.68,0.05,0.0,21.3,30.1,86.6,0,0,17.52
ZONE_D,2022,41,0.0,28.8,26.771428571428572,0.68,0.05,0.0,11.0,28.8,38.9,0,0,15.9
ZONE_D,2022,42,0.0,29.3,37.25714285714286,0.68,0.05,0.0,3.2,29.3,46.3,0,0,15.65
ZONE_D,2022,43,0.0,28.6,60.48571428571428,0.68,0.05,0.0,0.0,28.6,85.2,0,0,16.35
ZONE_D,2022,44,0.0,29.8,74.35714285714286,0.68,0.05,0.0,0.2,29.8,96.4,0,0,16.62
ZONE_D,2022,45,0.0,29.8,74.02857142857144,0.68,0.05,0.0,0.0,29.8,92.9,0,0,16.53
ZONE_D,2022,46,0.0,29.5,66.34285714285714,0.68,0.05,0.0,0.0,29.5,82.9,0,0,16.3
ZONE_D,2022,47,0.0,30.6,73.08571428571429,0.68,0.05,0.0,0.7,30.6,81.5,0,0,16.31
ZONE_D,2022,48,0.0,29.9,86.25714285714285,0.68,0.05,0.0,0.2,29.9,111.8,0,0,16.97
ZONE_D,2022,49,0.0,29.6,65.55714285714285,0.68,0.05,0.0,10.2,29.6,135.5,0,0,17.52
ZONE_D,2022,50,0.0,30.0,37.17142857142857,0.68,0.05,0.0,1.4,30.0,89.2,0,0,16.52
ZONE_D,2022,51,0.0,30.6,86.84285714285714,0.68,0.05,0.0,0.0,30.6,116.2,0,0,16.97
ZONE_D,2022,52,0.0,31.4,62.48571428571428,0.68,0.05,0.0,0.5,31.4,92.7,0,0,16.55
ZONE_D,2023,1,0.0,29.5,66.54285714285714,0.68,0.05,0.0,0.5,29.5,102.9,0,0,16.78
ZONE_D,2023,2,0.0,29.1,85.47142857142856,0.68,0.05,0.0,0.0,29.1,104.3,0,0,16.79
ZONE_D,2023,3,0.0,29.5,48.614285714285714,0.68,0.05,0.0,0.0,29.5,72.9,0,0,16.08
ZONE_D,2023,4,0.0,30.0,53.84285714285714,0.68,0.05,0.0,0.0,30.0,87.8,0,0,16.41
ZONE_D,2023,5,0.0,30.7,63.08571428571429,0.68,0.05,0.0,0.0,30.7,82.9,0,0,16.3
ZONE_D,2023,6,0.0,33.5,77.45714285714287,0.68,0.05,0.0,0.0,33.5,94.1,0,0,16.56
ZONE_D,2023,7,0.0,33.3,41.214285714285715,0.68,0.05,0.0,0.0,33.3,60.8,0,0,15.8
ZONE_D,2023,8,0.0,34.7,69.14285714285714,0.68,0.05,0.0,0.0,34.7,96.6,0,0,16.61
ZONE_D,2023,9,0.0,34.2,42.81428571428571,0.68,0.05,0.0,0.0,34.2,58.6,0,0,15.75
ZONE_D,2023,10,0.0,34.3,57.1,0.68,0.05,0.0,0.0,34.3,68.5,0,0,15.98
ZONE_D,2023,11,0.0,34.8,49.885714285714286,0.68,0.05,0.0,52.0,34.8,65.0,0,0,17.86
ZONE_D,2023,12,0.0,32.3,51.51428571428572,0.68,0.05,0.0,2.4,32.3,54.8,0,0,15.8
ZONE_D,2023,13,0.0,34.6,53.57142857142857,0.68,0.05,0.0,1.0,34.6,69.6,0,0,16.06
ZONE_D,2023,14,0.0,34.5,40.08571428571429,0.68,0.05,0.0,4.7,34.5,46.6,0,0,15.74
ZONE_D,2023,15,0.0,37.4,65.17142857142856,0.68,0.05,0.0,0.5,37.4,97.8,0,0,16.67
ZONE_D,2023,16,0.0,38.1,76.67142857142858,0.68,0.05,0.0,0.5,38.1,90.3,0,0,16.5
ZONE_D,2023,17,0.0,34.0,36.614285714285714,0.68,0.05,0.0,22.0,34.0,49.6,0,0,16.73
ZONE_D,2023,18,0.0,32.5,33.871428571428574,0.68,0.05,0.0,14.5,32.5,42.0,0,0,16.16
ZONE_D,2023,19,0.0,38.2,57.271428571428565,0.68,0.05,0.0,6.5,38.2,70.1,0,0,16.36
ZONE_D,2023,20,0.0,37.8,45.94285714285714,0.68,0.05,0.0,0.1,37.8,60.1,0,0,15.79
ZONE_D,2023,21,0.0,36.5,45.24285714285714,0.68,0.05,0.0,14.6,36.5,61.2,0,0,16.59
ZONE_D,2023,22,0.0,37.9,46.48571428571428,0.68,0.05,0.0,15.5,37.9,57.7,0,0,16.56
ZONE_D,2023,23,0.0,36.8,23.32857142857143,0.68,0.05,0.0,2.3,36.8,29.9,0,0,15.23
ZONE_D,2023,24,0.0,36.5,18.242857142857144,0.68,0.05,0.0,0.0,36.5,25.0,0,0,15.0
ZONE_D,2023,25,0.0,36.0,31.87142857142857,0.68,0.05,0.0,13.9,36.0,40.0,0,0,16.08
ZONE_D,2023,26,0.0,32.8,12.242857142857144,0.68,0.05,0.0,2.9,32.8,13.4,0,0,15.0
ZONE_D,2023,27,0.0,32.4,15.257142857142856,0.68,0.05,0.0,9.6,32.4,25.3,0,0,15.52
ZONE_D,2023,28,0.0,31.3,16.071428571428573,0.68,0.05,0.0,6.7,31.3,22.1,0,0,15.29
ZONE_D,2023,29,0.0,29.1,8.914285714285715,0.68,0.05,0.0,31.6,29.1,20.0,0,0,16.57
ZONE_D,2023,30,0.14285714285714285,29.4,9.842857142857143,0.68,0.05,1.0,86.1,29.4,12.6,1,1,16.68
ZONE_D,2023,31,0.0,30.4,12.142857142857142,0.68,0.05,0.0,3.7,30.4,14.8,0,0,15.0
ZONE_D,2023,32,0.0,30.7,22.385714285714283,0.68,0.05,0.0,0.9,30.7,28.6,0,0,15.13
ZONE_D,2023,33,0.0,30.4,24.814285714285713,0.68,0.05,0.0,5.3,30.4,27.9,0,0,15.35
ZONE_D,2023,34,0.0,31.1,20.942857142857143,0.68,0.05,0.0,3.3,31.1,27.5,0,0,15.23
ZONE_D,2023,35,0.0,32.2,48.55714285714286,0.68,0.05,0.0,24.4,32.2,71.9,0,0,17.36
ZONE_D,2023,36,0.0,28.9,28.228571428571428,0.68,0.05,0.0,27.7,28.9,44.8,0,0,16.92
ZONE_D,2023,37,0.0,29.6,23.300000000000004,0.68,0.05,0.0,1.5,29.6,34.1,0,0,15.28
ZONE_D,2023,38,0.0,31.0,29.342857142857145,0.68,0.05,0.0,3.9,31.0,46.3,0,0,15.69
ZONE_D,2023,39,0.0,30.1,27.571428571428573,0.68,0.05,0.0,20.5,30.1,33.6,0,0,16.29
ZONE_D,2023,40,0.0,31.9,40.25714285714286,0.68,0.05,0.0,3.1,31.9,63.8,0,0,16.04
ZONE_D,2023,41,0.0,33.0,64.75714285714285,0.68,0.05,0.0,10.4,33.0,74.5,0,0,16.67
ZONE_D,2023,42,0.0,31.9,62.9,0.68,0.05,0.0,0.2,31.9,65.4,0,0,15.92
ZONE_D,2023,43,0.0,30.6,48.57142857142857,0.68,0.05,0.0,0.7,30.6,52.6,0,0,15.66
ZONE_D,2023,44,0.0,30.9,60.42857142857143,0.68,0.05,0.0,2.5,30.9,71.0,0,0,16.17
ZONE_D,2023,45,0.0,30.6,47.41428571428571,0.68,0.05,0.0,11.9,30.6,81.3,0,0,16.9
ZONE_D,2023,46,0.0,29.8,66.41428571428573,0.68,0.05,0.0,0.0,29.8,83.4,0,0,16.31
ZONE_D,2023,47,0.0,29.6,37.5,0.68,0.05,0.0,4.0,29.6,63.3,0,0,16.07
ZONE_D,2023,48,0.0,29.9,36.971428571428575,0.68,0.05,0.0,1.3,29.9,64.5,0,0,15.96
ZONE_D,2023,49,0.0,28.4,30.542857142857144,0.68,0.05,0.0,7.1,28.4,43.0,0,0,15.78
ZONE_D,2023,50,0.0,27.8,51.07142857142857,0.68,0.05,0.0,0.0,27.8,59.5,0,0,15.78
ZONE_D,2023,51,0.0,28.4,69.88571428571429,0.68,0.05,0.0,0.0,28.4,84.1,0,0,16.33
ZONE_D,2023,52,0.0,29.1,69.62857142857142,0.68,0.05,0.0,0.0,29.1,98.3,0,0,16.65
ZONE_D,2024,1,0.0,27.8,52.31428571428571,0.68,0.05,0.0,0.0,27.8,73.6,0,0,16.09
ZONE_D,2024,2,0.0,30.0,57.885714285714286,0.68,0.05,0.0,0.0,30.0,75.0,0,0,16.12
ZONE_D,2024,3,0.0,29.9,48.542857142857144,0.68,0.05,0.0,0.0,29.9,61.5,0,0,15.82
ZONE_D,2024,4,0.0,30.5,61.58571428571429,0.68,0.05,0.0,0.1,30.5,71.2,0,0,16.04
ZONE_D,2024,5,0.0,31.3,45.67142857142857,0.68,0.05,0.0,0.2,31.3,51.2,0,0,15.6
ZONE_D,2024,6,0.0,33.1,53.871428571428574,0.68,0.05,0.0,0.0,33.1,71.2,0,0,16.04
ZONE_D,2024,7,0.0,33.5,25.157142857142855,0.68,0.05,0.0,0.0,33.5,35.6,0,0,15.24
ZONE_D,2024,8,0.0,33.3,42.41428571428571,0.68,0.05,0.0,0.6,33.3,52.9,0,0,15.66
ZONE_D,2024,9,0.0,35.3,29.8,0.68,0.05,0.0,0.0,35.3,38.4,0,0,15.3
ZONE_D,2024,10,0.0,36.0,39.542857142857144,0.68,0.05,0.0,0.2,36.0,45.9,0,0,15.48
ZONE_D,2024,11,0.0,37.3,59.65714285714286,0.68,0.05,0.0,8.0,37.3,77.5,0,0,16.61
ZONE_D,2024,12,0.0,35.8,41.44285714285714,0.68,0.05,0.0,0.1,35.8,58.3,0,0,15.75
ZONE_D,2024,13,0.0,38.8,36.17142857142857,0.68,0.05,0.0,0.0,38.8,42.8,0,0,15.4
ZONE_D,2024,14,0.0,39.3,52.4,0.68,0.05,0.0,0.0,39.3,61.0,0,0,15.81
ZONE_D,2024,15,0.0,37.2,34.4,0.68,0.05,0.0,9.2,37.2,46.1,0,0,15.96
ZONE_D,2024,16,0.0,38.7,53.81428571428571,0.68,0.05,0.0,1.5,38.7,74.0,0,0,16.18
ZONE_D,2024,17,0.0,39.7,44.24285714285714,0.68,0.05,0.0,0.1,39.7,53.0,0,0,15.63
ZONE_D,2024,18,0.0,41.3,41.48571428571428,0.68,0.05,0.0,0.0,41.3,49.9,0,0,15.56
ZONE_D,2024,19,0.0,40.6,31.657142857142855,0.68,0.05,0.0,20.3,40.6,37.3,0,0,16.36
ZONE_D,2024,20,0.0,36.0,32.300000000000004,0.68,0.05,0.0,14.7,36.0,44.7,0,0,16.23
ZONE_D,2024,21,0.0,38.2,43.07142857142857,0.68,0.05,0.0,10.1,38.2,74.0,0,0,16.64
ZONE_D,2024,22,0.0,39.1,39.34285714285714,0.68,0.05,0.0,13.7,39.1,54.8,0,0,16.4
ZONE_D,2024,23,0.0,33.5,38.714285714285715,0.68,0.05,0.0,59.1,33.5,55.8,0,0,17.65
ZONE_D,2024,24,0.0,31.5,25.485714285714288,0.68,0.05,0.0,29.4,31.5,32.0,0,0,16.73
ZONE_D,2024,25,0.0,32.1,18.728571428571428,0.68,0.05,0.0,17.6,32.1,22.6,0,0,15.88
ZONE_D,2024,26,0.0,32.2,15.471428571428572,0.68,0.05,0.0,30.4,32.2,20.2,0,0,16.51
ZONE_D,2024,27,0.0,30.9,14.114285714285714,0.68,0.05,0.0,9.2,30.9,17.8,0,0,15.33
ZONE_D,2024,28,0.0,30.8,16.314285714285713,0.68,0.05,0.0,21.5,30.8,23.5,0,0,16.11
ZONE_D,2024,29,0.0,29.5,9.685714285714285,0.68,0.05,0.0,23.4,29.5,14.0,0,0,16.0
ZONE_D,2024,30,0.0,28.4,10.214285714285714,0.68,0.05,0.0,23.6,28.4,22.2,0,0,16.19
ZONE_D,2024,31,0.0,29.5,12.357142857142858,0.68,0.05,0.0,10.2,29.5,15.5,0,0,15.33
ZONE_D,2024,32,0.0,30.0,20.571428571428573,0.68,0.05,0.0,22.8,30.0,30.5,0,0,16.34
ZONE_D,2024,33,0.0,30.6,41.58571428571429,0.68,0.05,0.0,42.0,30.6,51.0,0,0,17.54
ZONE_D,2024,34,0.0,30.9,25.071428571428573,0.68,0.05,0.0,16.7,30.9,36.7,0,0,16.15
ZONE_D,2024,35,0.14285714285714285,29.4,17.157142857142855,0.68,0.05,1.0,82.0,29.4,21.8,1,1,16.88
ZONE_D,2024,36,0.0,29.2,15.457142857142857,0.68,0.05,0.0,17.6,29.2,18.6,0,0,15.79
ZONE_D,2024,37,0.0,29.1,17.271428571428572,0.68,0.05,0.0,11.2,29.1,22.5,0,0,15.54
ZONE_D,2024,38,0.0,30.4,36.028571428571425,0.68,0.05,0.0,8.8,30.4,50.9,0,0,16.05
ZONE_D,2024,39,0.0,30.1,31.542857142857144,0.68,0.05,0.0,23.8,30.1,47.6,0,0,16.78
ZONE_D,2024,40,0.0,31.5,51.1,0.68,0.05,0.0,6.1,31.5,78.2,0,0,16.52
ZONE_D,2024,41,0.0,30.1,32.385714285714286,0.68,0.05,0.0,2.2,30.1,75.9,0,0,16.26
ZONE_D,2024,42,0.0,30.0,24.657142857142855,0.68,0.05,0.0,11.3,30.0,32.9,0,0,15.78
ZONE_D,2024,43,0.0,30.5,50.08571428571429,0.68,0.05,0.0,3.2,30.5,71.2,0,0,16.21
ZONE_D,2024,44,0.0,30.6,64.95714285714286,0.68,0.05,0.0,9.6,30.6,78.9,0,0,16.73
ZONE_D,2024,45,0.0,29.9,75.75714285714285,0.68,0.05,0.0,0.0,29.9,97.1,0,0,16.62
ZONE_D,2024,46,0.0,30.2,58.628571428571426,0.68,0.05,0.0,3.6,30.2,69.8,0,0,16.2
ZONE_D,2024,47,0.0,28.0,94.77142857142857,0.68,0.05,0.0,0.0,28.0,111.8,0,0,16.95
ZONE_D,2024,48,0.0,28.8,60.0,0.68,0.05,0.0,0.5,28.8,88.5,0,0,16.46
ZONE_D,2024,49,0.0,29.0,38.82857142857143,0.68,0.05,0.0,3.2,29.0,69.2,0,0,16.16
ZONE_D,2024,50,0.0,27.4,66.55714285714285,0.68,0.05,0.0,0.8,27.4,81.0,0,0,16.3
ZONE_D,2024,51,0.0,29.1,68.87142857142858,0.68,0.05,0.0,0.7,29.1,99.9,0,0,16.72
ZONE_D,2024,52,0.0,28.3,36.42857142857143,0.68,0.05,0.0,1.5,28.3,53.9,0,0,15.73
ZONE_D,2025,1,0.0,29.1,58.95,0.68,0.05,0.0,0.0,29.1,67.3,0,0,15.95
ZONE_E,2021,52,0.0,27.5,0.0,0.65,0.85,0.0,5.0,27.5,0.0,0,0,15.52
ZONE_E,2022,1,0.0,27.8,0.0,0.65,0.85,0.0,0.9,27.8,0.0,0,0,15.41
ZONE_E,2022,2,0.0,28.4,0.0,0.65,0.85,0.0,2.4,28.4,0.0,0,0,15.45
ZONE_E,2022,3,0.0,30.0,0.0,0.65,0.85,0.0,2.3,30.0,0.0,0,0,15.45
ZONE_E,2022,4,0.0,29.2,0.0,0.65,0.85,0.0,2.3,29.2,0.0,0,0,15.45
ZONE_E,2022,5,0.0,30.0,0.0,0.65,0.85,0.0,0.6,30.0,0.0,0,0,15.4
ZONE_E,2022,6,0.0,29.4,0.0,0.65,0.85,0.0,0.0,29.4,0.0,0,0,15.38
ZONE_E,2022,7,0.0,29.1,0.0,0.65,0.85,0.0,1.3,29.1,0.0,0,0,15.42
ZONE_E,2022,8,0.0,30.9,0.0,0.65,0.85,0.0,0.1,30.9,0.0,0,0,15.39
ZONE_E,2022,9,0.0,31.6,0.0,0.65,0.85,0.0,1.7,31.6,0.0,0,0,15.43
ZONE_E,2022,10,0.0,31.0,0.0,0.65,0.85,0.0,0.0,31.0,0.0,0,0,15.38
ZONE_E,2022,11,0.0,32.6,0.0,0.65,0.85,0.0,2.7,32.6,0.0,0,0,15.46
ZONE_E,2022,12,0.0,32.5,0.0,0.65,0.85,0.0,0.9,32.5,0.0,0,0,15.41
ZONE_E,2022,13,0.0,33.5,0.0,0.65,0.85,0.0,2.0,33.5,0.0,0,0,15.44
ZONE_E,2022,14,0.0,31.6,0.0,0.65,0.85,0.0,0.7,31.6,0.0,0,0,15.4
ZONE_E,2022,15,0.0,34.0,0.0,0.65,0.85,0.0,2.5,34.0,0.0,0,0,15.45
ZONE_E,2022,16,0.0,33.0,0.0,0.65,0.85,0.0,0.4,33.0,0.0,0,0,15.39
ZONE_E,2022,17,0.0,34.2,0.0,0.65,0.85,0.0,0.0,34.2,0.0,0,0,15.38
ZONE_E,2022,18,0.0,34.2,0.0,0.65,0.85,0.0,0.4,34.2,0.0,0,0,15.39
ZONE_E,2022,19,0.0,35.3,0.0,0.65,0.85,0.0,22.3,35.3,0.0,0,0,16.0
ZONE_E,2022,20,0.0,36.3,0.0,0.65,0.85,0.0,6.5,36.3,0.0,0,0,15.56
ZONE_E,2022,21,0.0,36.2,0.0,0.65,0.85,0.0,3.5,36.2,0.0,0,0,15.48
ZONE_E,2022,22,0.0,36.9,0.0,0.65,0.85,0.0,0.0,36.9,0.0,0,0,15.38
ZONE_E,2022,23,0.0,36.3,0.0,0.65,0.85,0.0,2.0,36.3,0.0,0,0,15.44
ZONE_E,2022,24,0.0,34.7,0.0,0.65,0.85,0.0,7.2,34.7,0.0,0,0,15.58
ZONE_E,2022,25,0.0,34.4,0.0,0.65,0.85,0.0,10.0,34.4,0.0,0,0,15.66
ZONE_E,2022,26,0.0,34.8,0.0,0.65,0.85,0.0,14.8,34.8,0.0,0,0,15.79
ZONE_E,2022,27,0.0,34.7,0.0,0.65,0.85,0.0,4.9,34.7,0.0,0,0,15.52
ZONE_E,2022,28,0.0,36.2,0.0,0.65,0.85,0.0,2.0,36.2,0.0,0,0,15.44
ZONE_E,2022,29,0.0,32.5,0.0,0.65,0.85,0.0,16.0,32.5,0.0,0,0,15.82
ZONE_E,2022,30,0.0,31.9,0.0,0.65,0.85,0.0,10.6,31.9,0.0,0,0,15.67
ZONE_E,2022,31,0.0,31.6,15.157142857142857,0.65,0.85,0.0,20.9,31.6,36.1,0,0,17.03
ZONE_E,2022,32,0.0,35.2,31.914285714285715,0.65,0.85,0.0,0.2,35.2,44.4,0,0,16.71
ZONE_E,2022,33,0.0,33.9,42.17142857142857,0.65,0.85,0.0,8.1,33.9,46.9,0,0,17.0
ZONE_E,2022,34,0.0,33.7,38.55714285714286,0.65,0.85,0.0,19.3,33.7,63.1,0,0,17.79
ZONE_E,2022,35,0.0,30.9,29.985714285714288,0.65,0.85,0.0,18.7,30.9,44.1,0,0,17.21
ZONE_E,2022,36,0.0,32.1,32.714285714285715,0.65,0.85,0.0,26.4,32.1,39.3,0,0,17.28
ZONE_E,2022,37,0.0,33.3,40.0,0.65,0.85,0.0,2.2,33.3,51.0,0,0,16.96
ZONE_E,2022,38,0.0,34.8,39.05714285714286,0.65,0.85,0.0,1.3,34.8,49.7,0,0,16.9
ZONE_E,2022,39,0.0,32.5,34.699999999999996,0.65,0.85,0.0,24.8,32.5,40.4,0,0,17.26
ZONE_E,2022,40,0.0,33.2,51.357142857142854,0.65,0.85,0.0,43.1,33.2,75.9,0,0,18.82
ZONE_E,2022,41,0.0,29.8,22.271428571428572,0.65,0.85,0.0,18.3,29.8,29.8,0,0,16.77
ZONE_E,2022,42,0.0,31.1,29.842857142857145,0.65,0.85,0.0,16.6,31.1,41.0,0,0,17.06
ZONE_E,2022,43,0.0,31.2,41.44285714285714,0.65,0.85,0.0,2.9,31.2,71.0,0,0,17.57
ZONE_E,2022,44,0.14285714285714285,29.1,26.74285714285714,0.65,0.85,1.0,98.2,29.1,47.6,1,1,18.7
ZONE_E,2022,45,0.0,28.9,25.7,0.65,0.85,0.0,32.2,28.9,31.9,0,0,17.22
ZONE_E,2022,46,0.0,28.6,54.1,0.65,0.85,0.0,4.5,28.6,59.6,0,0,17.28
ZONE_E,2022,47,0.0,28.0,43.1,0.65,0.85,0.0,63.7,28.0,63.6,0,0,19.02
ZONE_E,2022,48,0.0,28.6,47.41428571428571,0.65,0.85,0.0,6.4,28.6,75.4,0,0,17.8
ZONE_E,2022,49,0.14285714285714285,28.5,59.857142857142854,0.65,0.85,2.0,112.2,28.5,92.4,1,1,19.87
ZONE_E,2022,50,0.0,28.0,25.714285714285715,0.65,0.85,0.0,25.1,28.0,46.9,0,0,17.47
ZONE_E,2022,51,0.0,28.2,51.15714285714286,0.65,0.85,0.0,17.1,28.2,86.4,0,0,18.42
ZONE_E,2022,52,0.0,28.5,33.31428571428571,0.65,0.85,0.0,6.0,28.5,45.5,0,0,16.9
ZONE_E,2023,1,0.0,28.3,56.628571428571426,0.65,0.85,0.0,1.2,28.3,74.3,0,0,17.63
ZONE_E,2023,2,0.0,27.6,40.1,0.65,0.85,0.0,0.0,27.6,48.9,0,0,16.84
ZONE_E,2023,3,0.0,28.6,49.92857142857143,0.65,0.85,0.0,5.5,28.6,69.8,0,0,17.61
ZONE_E,2023,4,0.0,28.7,44.199999999999996,0.65,0.85,0.0,0.4,28.7,53.1,0,0,16.97
ZONE_E,2023,5,0.0,28.8,42.371428571428574,0.65,0.85,0.0,1.5,28.8,48.7,0,0,16.87
ZONE_E,2023,6,0.0,30.0,42.84285714285714,0.65,0.85,0.0,0.0,30.0,54.0,0,0,16.99
ZONE_E,2023,7,0.0,28.9,51.885714285714286,0.65,0.85,0.0,0.1,28.9,64.0,0,0,17.29
ZONE_E,2023,8,0.0,30.4,36.971428571428575,0.65,0.85,0.0,0.0,30.4,55.4,0,0,17.03
ZONE_E,2023,9,0.0,31.0,35.457142857142856,0.65,0.85,0.0,0.0,31.0,41.9,0,0,16.63
ZONE_E,2023,10,0.0,30.2,34.68571428571429,0.65,0.85,0.0,0.1,30.2,42.4,0,0,16.65
ZONE_E,2023,11,0.0,30.9,31.7,0.65,0.85,0.0,32.5,30.9,39.6,0,0,17.45
ZONE_E,2023,12,0.0,31.1,25.428571428571427,0.65,0.85,0.0,2.7,31.1,32.7,0,0,16.43
ZONE_E,2023,13,0.0,32.3,25.314285714285713,0.65,0.85,0.0,5.3,32.3,31.1,0,0,16.45
ZONE_E,2023,14,0.0,32.1,20.142857142857142,0.65,0.85,0.0,0.6,32.1,25.2,0,0,16.15
ZONE_E,2023,15,0.0,34.6,33.17142857142857,0.65,0.85,0.0,0.0,34.6,40.4,0,0,16.59
ZONE_E,2023,16,0.0,35.2,34.8,0.65,0.85,0.0,0.6,35.2,39.5,0,0,16.57
ZONE_E,2023,17,0.0,32.6,26.614285714285717,0.65,0.85,0.0,6.4,32.6,37.6,0,0,16.68
ZONE_E,2023,18,0.0,31.1,31.342857142857145,0.65,0.85,0.0,26.7,31.1,61.5,0,0,17.94
ZONE_E,2023,19,0.0,40.1,74.61428571428571,0.65,0.85,0.0,0.0,40.1,133.6,0,0,17.96
ZONE_E,2023,20,0.0,36.5,47.07142857142857,0.65,0.85,0.0,1.7,36.5,72.6,0,0,17.59
ZONE_E,2023,21,0.0,37.0,58.98571428571429,0.65,0.85,0.0,8.8,37.0,92.9,0,0,18.21
ZONE_E,2023,22,0.0,38.1,65.21428571428571,0.65,0.85,0.0,2.2,38.1,109.9,0,0,18.02
ZONE_E,2023,23,0.0,39.3,75.62857142857142,0.65,0.85,0.0,15.3,39.3,93.8,0,0,18.38
ZONE_E,2023,24,0.0,38.8,68.35714285714286,0.65,0.85,0.0,2.6,38.8,94.1,0,0,18.04
ZONE_E,2023,25,0.0,33.9,46.142857142857146,0.65,0.85,0.0,18.5,33.9,56.5,0,0,17.57
ZONE_E,2023,26,0.0,36.5,27.87142857142857,0.65,0.85,0.0,2.4,36.5,48.1,0,0,16.88
ZONE_E,2023,27,0.0,35.4,19.7,0.65,0.85,0.0,14.0,35.4,25.3,0,0,16.52
ZONE_E,2023,28,0.0,35.2,24.7,0.65,0.85,0.0,28.0,35.2,30.0,0,0,17.04
ZONE_E,2023,29,0.0,36.6,20.7,0.65,0.85,0.0,19.1,36.6,26.8,0,0,16.7
ZONE_E,2023,30,0.0,36.0,17.3,0.65,0.85,0.0,14.7,36.0,21.7,0,0,16.43
ZONE_E,2023,31,0.0,37.5,22.714285714285715,0.65,0.85,0.0,18.5,37.5,25.7,0,0,16.66
ZONE_E,2023,32,0.0,35.3,30.885714285714283,0.65,0.85,0.0,16.0,35.3,38.0,0,0,16.95
ZONE_E,2023,33,0.0,35.0,31.271428571428572,0.65,0.85,0.0,19.8,35.0,41.2,0,0,17.15
ZONE_E,2023,34,0.0,34.3,26.32857142857143,0.65,0.85,0.0,8.9,34.3,29.8,0,0,16.51
ZONE_E,2023,35,0.0,34.4,29.400000000000002,0.65,0.85,0.0,17.9,34.4,34.6,0,0,16.9
ZONE_E,2023,36,0.0,33.8,21.885714285714283,0.65,0.85,0.0,20.2,33.8,31.4,0,0,16.87
ZONE_E,2023,37,0.0,35.7,21.657142857142855,0.65,0.85,0.0,13.7,35.7,27.7,0,0,16.58
ZONE_E,2023,38,0.0,33.6,22.62857142857143,0.65,0.85,0.0,21.6,33.6,28.6,0,0,16.83
ZONE_E,2023,39,0.0,33.7,23.557142857142857,0.65,0.85,0.0,10.5,33.7,28.7,0,0,16.52
ZONE_E,2023,40,0.0,34.2,36.785714285714285,0.65,0.85,0.0,7.0,34.2,48.8,0,0,17.03
ZONE_E,2023,41,0.0,31.7,34.75714285714286,0.65,0.85,0.0,23.3,31.7,42.5,0,0,17.29
ZONE_E,2023,42,0.0,31.2,40.442857142857136,0.65,0.85,0.0,6.5,31.2,56.3,0,0,17.24
ZONE_E,2023,43,0.0,32.9,44.128571428571426,0.65,0.85,0.0,6.9,32.9,59.0,0,0,17.33
ZONE_E,2023,44,0.0,30.5,20.585714285714285,0.65,0.85,0.0,39.1,30.5,44.2,0,0,17.77
ZONE_E,2023,45,0.0,29.9,33.25714285714286,0.65,0.85,0.0,18.8,29.9,67.8,0,0,17.92
ZONE_E,2023,46,0.0,29.5,31.285714285714285,0.65,0.85,0.0,58.8,29.5,66.8,0,0,18.98
ZONE_E,2023,47,0.0,28.9,16.714285714285715,0.65,0.85,0.0,35.6,28.9,30.0,0,0,17.25
ZONE_E,2023,48,0.0,29.6,17.585714285714285,0.65,0.85,0.0,54.3,29.6,25.8,0,0,17.64
ZONE_E,2023,49,0.14285714285714285,31.0,20.157142857142855,0.65,0.85,2.0,234.9,31.0,25.9,1,1,18.06
ZONE_E,2023,50,0.0,29.1,37.028571428571425,0.65,0.85,0.0,5.7,29.1,42.1,0,0,16.79
ZONE_E,2023,51,0.0,28.6,45.885714285714286,0.65,0.85,0.0,0.6,28.6,56.0,0,0,17.07
ZONE_E,2023,52,0.0,28.5,27.82857142857143,0.65,0.85,0.0,4.8,28.5,47.6,0,0,16.93
ZONE_E,2024,1,0.0,29.3,38.9,0.65,0.85,0.0,16.6,29.3,59.6,0,0,17.61
ZONE_E,2024,2,0.0,28.5,51.65714285714286,0.65,0.85,0.0,25.9,28.5,73.8,0,0,18.29
ZONE_E,2024,3,0.0,29.3,29.38571428571429,0.65,0.85,0.0,0.6,29.3,62.2,0,0,17.25
ZONE_E,2024,4,0.0,29.6,30.25714285714286,0.65,0.85,0.0,1.0,29.6,42.8,0,0,16.68
ZONE_E,2024,5,0.0,30.4,24.599999999999998,0.65,0.85,0.0,0.7,30.4,43.1,0,0,16.68
ZONE_E,2024,6,0.0,31.1,36.771428571428565,0.65,0.85,0.0,0.1,31.1,47.0,0,0,16.78
ZONE_E,2024,7,0.0,31.2,24.771428571428572,0.65,0.85,0.0,1.6,31.2,28.1,0,0,16.26
ZONE_E,2024,8,0.0,33.0,26.271428571428572,0.65,0.85,0.0,1.8,33.0,29.0,0,0,16.3
ZONE_E,2024,9,0.0,32.8,32.32857142857143,0.65,0.85,0.0,0.8,32.8,41.3,0,0,16.63
ZONE_E,2024,10,0.0,33.7,29.071428571428573,0.65,0.85,0.0,0.0,33.7,36.7,0,0,16.48
ZONE_E,2024,11,0.0,33.6,25.67142857142857,0.65,0.85,0.0,0.5,33.6,38.4,0,0,16.54
ZONE_E,2024,12,0.0,33.0,28.74285714285714,0.65,0.85,0.0,1.5,33.0,38.5,0,0,16.57
ZONE_E,2024,13,0.0,34.3,19.74285714285714,0.65,0.85,0.0,0.0,34.3,22.3,0,0,16.05
ZONE_E,2024,14,0.0,36.2,16.0,0.65,0.85,0.0,0.1,36.2,21.3,0,0,16.02
ZONE_E,2024,15,0.0,35.7,29.928571428571427,0.65,0.85,0.0,0.3,35.7,37.6,0,0,16.51
ZONE_E,2024,16,0.0,36.5,21.74285714285714,0.65,0.85,0.0,0.0,36.5,27.1,0,0,16.19
ZONE_E,2024,17,0.0,35.1,12.714285714285714,0.65,0.85,0.0,0.0,35.1,15.3,0,0,15.84
ZONE_E,2024,18,0.0,37.8,18.0,0.65,0.85,0.0,0.1,37.8,25.3,0,0,16.14
ZONE_E,2024,19,0.0,36.4,15.157142857142857,0.65,0.85,0.0,5.3,36.4,26.2,0,0,16.31
ZONE_E,2024,20,0.0,33.8,12.685714285714285,0.65,0.85,0.0,17.9,33.8,17.2,0,0,16.39
ZONE_E,2024,21,0.0,38.8,24.642857142857142,0.65,0.85,0.0,29.0,38.8,53.2,0,0,17.76
ZONE_E,2024,22,0.0,40.8,35.15714285714286,0.65,0.85,0.0,31.1,40.8,42.3,0,0,17.49
ZONE_E,2024,23,0.0,34.5,32.75714285714286,0.65,0.85,0.0,38.4,34.5,45.4,0,0,17.79
ZONE_E,2024,24,0.0,36.5,27.642857142857142,0.65,0.85,0.0,11.2,36.5,36.4,0,0,16.77
ZONE_E,2024,25,0.0,36.8,25.942857142857143,0.65,0.85,0.0,25.3,36.8,27.9,0,0,16.91
ZONE_E,2024,26,0.0,37.5,18.928571428571427,0.65,0.85,0.0,3.5,37.5,24.9,0,0,16.22
ZONE_E,2024,27,0.0,37.2,23.400000000000002,0.65,0.85,0.0,6.9,37.2,26.7,0,0,16.37
ZONE_E,2024,28,0.0,35.4,25.25714285714286,0.65,0.85,0.0,13.2,35.4,28.8,0,0,16.6
ZONE_E,2024,29,0.0,35.1,18.17142857142857,0.65,0.85,0.0,9.3,35.1,28.9,0,0,16.5
ZONE_E,2024,30,0.0,37.8,16.985714285714284,0.65,0.85,0.0,1.1,37.8,19.9,0,0,16.01
ZONE_E,2024,31,0.0,36.7,24.885714285714283,0.65,0.85,0.0,6.7,36.7,31.1,0,0,16.49
ZONE_E,2024,32,0.0,33.0,27.314285714285713,0.65,0.85,0.0,27.7,33.0,31.0,0,0,17.06
ZONE_E,2024,33,0.0,33.2,20.714285714285715,0.65,0.85,0.0,13.2,33.2,36.1,0,0,16.82
ZONE_E,2024,34,0.0,34.3,22.814285714285713,0.65,0.85,0.0,4.1,34.3,27.2,0,0,16.3
ZONE_E,2024,35,0.0,34.9,23.114285714285717,0.65,0.85,0.0,7.7,34.9,28.9,0,0,16.45
ZONE_E,2024,36,0.0,34.5,26.457142857142856,0.65,0.85,0.0,10.9,34.5,29.9,0,0,16.57
ZONE_E,2024,37,0.0,36.0,25.514285714285712,0.65,0.85,0.0,2.5,36.0,30.4,0,0,16.36
ZONE_E,2024,38,0.0,36.0,30.714285714285715,0.65,0.85,0.0,11.0,36.0,45.1,0,0,17.03
ZONE_E,2024,39,0.0,33.7,21.485714285714288,0.65,0.85,0.0,16.5,33.7,34.1,0,0,16.85
ZONE_E,2024,40,0.0,34.0,24.185714285714287,0.65,0.85,0.0,6.2,34.0,35.9,0,0,16.62
ZONE_E,2024,41,0.0,29.8,14.842857142857143,0.65,0.85,0.0,20.8,29.8,33.4,0,0,16.95
ZONE_E,2024,42,0.0,30.0,14.142857142857142,0.65,0.85,0.0,69.3,30.0,24.3,0,0,18.01
ZONE_E,2024,43,0.0,33.5,45.34285714285714,0.65,0.85,0.0,1.5,33.5,64.7,0,0,17.35
ZONE_E,2024,44,0.0,32.0,32.714285714285715,0.65,0.85,0.0,6.3,32.0,48.3,0,0,16.99
ZONE_E,2024,45,0.0,30.2,28.714285714285715,0.65,0.85,0.0,21.6,30.2,46.7,0,0,17.36
ZONE_E,2024,46,0.0,30.0,24.057142857142857,0.65,0.85,0.0,43.9,30.0,64.0,0,0,18.49
ZONE_E,2024,47,0.0,29.8,42.41428571428571,0.65,0.85,0.0,1.0,29.8,47.6,0,0,16.83
ZONE_E,2024,48,0.14285714285714285,30.0,39.471428571428575,0.65,0.85,2.0,164.0,30.0,65.2,1,1,19.23
ZONE_E,2024,49,0.0,29.3,20.842857142857145,0.65,0.85,0.0,9.0,29.3,36.9,0,0,16.73
ZONE_E,2024,50,0.0,29.2,41.84285714285714,0.65,0.85,0.0,42.4,29.2,50.5,0,0,18.05
ZONE_E,2024,51,0.0,28.8,23.071428571428573,0.65,0.85,0.0,29.5,28.8,40.6,0,0,17.4
ZONE_E,2024,52,0.0,28.6,19.25714285714286,0.65,0.85,0.0,10.2,28.6,32.7,0,0,16.64
ZONE_E,2025,1,0.0,28.2,40.849999999999994,0.65,0.85,0.0,3.6,28.2,41.4,0,0,16.71
ZONE_F,2021,52,0.0,23.8,0.0,0.78,0.55,0.0,0.0,23.8,0.0,0,0,32.6
ZONE_F,2022,1,0.0,27.1,0.0,0.78,0.55,0.0,0.0,27.1,0.0,0,0,32.6
ZONE_F,2022,2,0.0,27.5,0.0,0.78,0.55,0.0,8.2,27.5,0.0,0,0,32.99
ZONE_F,2022,3,0.0,25.2,0.0,0.78,0.55,0.0,8.6,25.2,0.0,0,0,33.0
ZONE_F,2022,4,0.0,24.8,0.0,0.78,0.55,0.0,1.5,24.8,0.0,0,0,32.67
ZONE_F,2022,5,0.0,28.5,0.0,0.78,0.55,0.0,12.3,28.5,0.0,0,0,33.18
ZONE_F,2022,6,0.0,27.5,0.0,0.78,0.55,0.0,0.1,27.5,0.0,0,0,32.6
ZONE_F,2022,7,0.0,28.8,0.0,0.78,0.55,0.0,7.0,28.8,0.0,0,0,32.93
ZONE_F,2022,8,0.0,32.1,0.0,0.78,0.55,0.0,9.4,32.1,0.0,0,0,33.04
ZONE_F,2022,9,0.0,33.7,0.0,0.78,0.55,0.0,0.9,33.7,0.0,0,0,32.64
ZONE_F,2022,10,0.0,33.4,0.0,0.78,0.55,0.0,0.0,33.4,0.0,0,0,32.6
ZONE_F,2022,11,0.0,37.5,0.0,0.78,0.55,0.0,0.0,37.5,0.0,0,0,32.6
ZONE_F,2022,12,0.0,37.2,0.0,0.78,0.55,0.0,6.4,37.2,0.0,0,0,32.9
ZONE_F,2022,13,0.0,37.0,0.0,0.78,0.55,0.0,0.8,37.0,0.0,0,0,32.64
ZONE_F,2022,14,0.0,35.8,0.0,0.78,0.55,0.0,0.2,35.8,0.0,0,0,32.61
ZONE_F,2022,15,0.0,39.0,0.0,0.78,0.55,0.0,7.9,39.0,0.0,0,0,32.97
ZONE_F,2022,16,0.0,38.6,0.0,0.78,0.55,0.0,16.1,38.6,0.0,0,0,33.36
ZONE_F,2022,17,0.0,39.8,0.0,0.78,0.55,0.0,14.3,39.8,0.0,0,0,33.27
ZONE_F,2022,18,0.0,34.5,0.0,0.78,0.55,0.0,29.6,34.5,0.0,0,0,34.0
ZONE_F,2022,19,0.0,34.3,0.0,0.78,0.55,0.0,16.0,34.3,0.0,0,0,33.36
ZONE_F,2022,20,0.0,37.0,0.0,0.78,0.55,0.0,15.4,37.0,0.0,0,0,33.33
ZONE_F,2022,21,0.0,37.3,0.0,0.78,0.55,0.0,16.4,37.3,0.0,0,0,33.37
ZONE_F,2022,22,0.0,35.6,0.0,0.78,0.55,0.0,21.3,35.6,0.0,0,0,33.61
ZONE_F,2022,23,0.0,36.8,0.0,0.78,0.55,0.0,1.5,36.8,0.0,0,0,32.67
ZONE_F,2022,24,0.0,37.5,0.0,0.78,0.55,0.0,55.4,37.5,0.0,0,0,34.77
ZONE_F,2022,25,0.0,32.5,0.0,0.78,0.55,0.0,35.2,32.5,0.0,0,0,34.26
ZONE_F,2022,26,0.0,32.5,0.0,0.78,0.55,0.0,32.1,32.5,0.0,0,0,34.12
ZONE_F,2022,27,0.0,32.5,0.0,0.78,0.55,0.0,6.3,32.5,0.0,0,0,32.9
ZONE_F,2022,28,0.0,32.2,0.0,0.78,0.55,0.0,7.4,32.2,0.0,0,0,32.95
ZONE_F,2022,29,0.0,33.2,0.0,0.78,0.55,0.0,9.7,33.2,0.0,0,0,33.06
ZONE_F,2022,30,0.0,33.2,0.0,0.78,0.55,0.0,21.7,33.2,0.0,0,0,33.63
ZONE_F,2022,31,0.0,32.6,13.62857142857143,0.78,0.55,0.0,15.4,32.6,30.6,0,0,33.6
ZONE_F,2022,32,0.0,31.5,26.614285714285717,0.78,0.55,0.0,57.3,31.5,55.5,0,0,35.27
ZONE_F,2022,33,0.0,33.1,44.01428571428572,0.78,0.55,0.0,27.5,33.1,79.9,0,0,34.62
ZONE_F,2022,34,0.0,33.0,44.81428571428571,0.78,0.55,0.0,42.9,33.0,64.7,0,0,35.21
ZONE_F,2022,35,0.0,33.7,27.785714285714285,0.78,0.55,0.0,14.9,33.7,55.9,0,0,33.81
ZONE_F,2022,36,0.0,33.0,42.699999999999996,0.78,0.55,0.0,29.2,33.0,69.2,0,0,34.6
ZONE_F,2022,37,0.0,31.6,43.971428571428575,0.78,0.55,0.0,44.9,31.6,78.5,0,0,35.43
ZONE_F,2022,38,0.0,31.2,35.58571428571428,0.78,0.55,0.0,9.6,31.2,58.9,0,0,33.58
ZONE_F,2022,39,0.0,32.9,111.92857142857143,0.78,0.55,1.0,7.4,32.9,193.7,2,1,34.69
ZONE_F,2022,40,0.0,32.2,58.300000000000004,0.78,0.55,0.0,16.2,32.2,110.1,0,0,34.36
ZONE_F,2022,41,0.0,31.7,98.47142857142856,0.78,0.55,1.0,12.7,31.7,176.5,2,1,34.79
ZONE_F,2022,42,0.0,31.6,136.85714285714286,0.78,0.55,1.0,0.7,31.6,207.2,4,1,34.5
ZONE_F,2022,43,0.0,30.6,148.67142857142858,0.78,0.55,1.0,53.5,30.6,266.4,3,1,37.13
ZONE_F,2022,44,0.0,30.9,183.67142857142858,0.78,0.55,1.0,0.0,30.9,246.8,5,1,34.82
ZONE_F,2022,45,0.0,29.6,211.0142857142857,0.78,0.55,1.0,0.1,29.6,230.5,7,1,34.68
ZONE_F,2022,46,0.0,28.6,174.8857142857143,0.78,0.55,1.0,0.0,28.6,211.4,5,1,34.5
ZONE_F,2022,47,0.0,28.6,192.64285714285714,0.78,0.55,1.0,0.0,28.6,257.0,6,1,34.91
ZONE_F,2022,48,0.0,29.1,148.6142857142857,0.78,0.55,1.0,0.0,29.1,165.3,3,1,34.09
ZONE_F,2022,49,0.0,27.5,179.54285714285714,0.78,0.55,1.0,0.0,27.5,243.1,5,1,34.79
ZONE_F,2022,50,0.0,28.8,145.85714285714286,0.78,0.55,1.0,0.0,28.8,253.3,3,1,34.88
ZONE_F,2022,51,0.0,28.5,229.71428571428572,0.78,0.55,1.0,0.0,28.5,271.9,6,1,34.96
ZONE_F,2022,52,0.0,28.4,177.85714285714286,0.78,0.55,1.0,0.5,28.4,258.0,5,1,34.95
ZONE_F,2023,1,0.0,25.9,129.18571428571428,0.78,0.55,1.0,0.0,25.9,176.5,1,1,34.19
ZONE_F,2023,2,0.0,27.8,166.74285714285716,0.78,0.55,1.0,0.0,27.8,191.9,5,1,34.33
ZONE_F,2023,3,0.0,28.5,229.3857142857143,0.78,0.55,1.0,0.0,28.5,311.1,7,1,34.96
ZONE_F,2023,4,0.0,30.7,222.25714285714284,0.78,0.55,1.0,0.0,30.7,285.0,6,1,34.96
ZONE_F,2023,5,0.0,28.0,173.79999999999998,0.78,0.55,1.0,0.0,28.0,230.5,5,1,34.67
ZONE_F,2023,6,0.0,32.5,142.12857142857143,0.78,0.55,1.0,0.0,32.5,231.0,3,1,34.68
ZONE_F,2023,7,0.0,30.7,141.35714285714286,0.78,0.55,1.0,0.9,30.7,194.6,4,1,34.39
ZONE_F,2023,8,0.0,33.5,89.87142857142858,0.78,0.55,1.0,1.3,33.5,154.6,1,1,34.05
ZONE_F,2023,9,0.0,34.8,119.7,0.78,0.55,0.0,0.0,34.8,140.2,0,0,33.86
ZONE_F,2023,10,0.0,35.0,160.14285714285714,0.78,0.55,1.0,0.3,35.0,224.4,3,1,34.63
ZONE_F,2023,11,0.0,35.9,97.78571428571429,0.78,0.55,1.0,28.6,35.9,210.0,1,1,35.84
ZONE_F,2023,12,0.0,32.5,60.32857142857143,0.78,0.55,0.0,13.1,32.5,82.0,0,0,33.96
ZONE_F,2023,13,0.0,33.9,63.81428571428571,0.78,0.55,0.0,6.8,33.9,91.0,0,0,33.74
ZONE_F,2023,14,0.0,38.4,69.14285714285714,0.78,0.55,0.0,0.1,38.4,94.5,0,0,33.45
ZONE_F,2023,15,0.0,42.5,89.64285714285714,0.78,0.55,1.0,0.0,42.5,104.3,1,1,33.54
ZONE_F,2023,16,0.0,41.3,85.37142857142858,0.78,0.55,0.0,3.1,41.3,132.7,0,0,33.94
ZONE_F,2023,17,0.0,34.1,87.81428571428572,0.78,0.55,0.0,17.1,34.1,98.3,0,0,34.29
ZONE_F,2023,18,0.0,37.5,70.77142857142857,0.78,0.55,0.0,13.1,37.5,105.2,0,0,34.17
ZONE_F,2023,19,0.0,38.7,63.55714285714286,0.78,0.55,0.0,15.5,38.7,102.4,0,0,34.25
ZONE_F,2023,20,0.0,37.6,37.4,0.78,0.55,0.0,43.2,37.6,51.6,0,0,35.11
ZONE_F,2023,21,0.0,38.2,45.714285714285715,0.78,0.55,0.0,19.6,38.2,74.3,0,0,34.2
ZONE_F,2023,22,0.0,38.7,60.15714285714286,0.78,0.55,0.0,21.9,38.7,86.1,0,0,34.41
ZONE_F,2023,23,0.0,39.0,55.55714285714286,0.78,0.55,0.0,37.4,39.0,66.1,0,0,34.96
ZONE_F,2023,24,0.0,38.8,35.75714285714286,0.78,0.55,0.0,16.7,38.8,51.0,0,0,33.85
ZONE_F,2023,25,0.0,34.0,26.714285714285715,0.78,0.55,0.0,37.5,34.0,33.3,0,0,34.67
ZONE_F,2023,26,0.0,32.5,20.857142857142858,0.78,0.55,0.0,29.3,32.5,22.8,0,0,34.19
ZONE_F,2023,27,0.0,33.6,17.02857142857143,0.78,0.55,0.0,14.2,33.6,23.2,0,0,33.48
ZONE_F,2023,28,0.0,33.1,19.957142857142856,0.78,0.55,0.0,37.1,33.1,29.7,0,0,34.62
ZONE_F,2023,29,0.0,32.8,11.414285714285715,0.78,0.55,0.0,10.3,32.8,16.0,0,0,33.23
ZONE_F,2023,30,0.0,33.2,16.62857142857143,0.78,0.55,0.0,14.8,33.2,37.0,0,0,33.63
ZONE_F,2023,31,0.0,33.8,27.97142857142857,0.78,0.55,0.0,35.5,33.8,36.3,0,0,34.61
ZONE_F,2023,32,0.0,33.7,53.114285714285714,0.78,0.55,0.0,37.0,33.7,67.3,0,0,34.96
ZONE_F,2023,33,0.0,33.3,55.614285714285714,0.78,0.55,0.0,24.2,33.3,90.8,0,0,34.56
ZONE_F,2023,34,0.0,33.5,34.957142857142856,0.78,0.55,0.0,37.0,33.5,48.4,0,0,34.79
ZONE_F,2023,35,0.0,34.2,95.62857142857142,0.78,0.55,0.0,17.5,34.2,129.9,0,0,34.6
ZONE_F,2023,36,0.0,32.5,22.542857142857144,0.78,0.55,0.0,18.5,32.5,48.1,0,0,33.91
ZONE_F,2023,37,0.0,33.5,21.82857142857143,0.78,0.55,0.0,16.4,33.5,35.5,0,0,33.69
ZONE_F,2023,38,0.0,31.2,19.571428571428573,0.78,0.55,0.0,30.9,31.2,29.5,0,0,34.33
ZONE_F,2023,39,0.0,33.0,45.357142857142854,0.78,0.55,0.0,34.6,33.0,95.7,0,0,35.1
ZONE_F,2023,40,0.0,32.2,33.042857142857144,0.78,0.55,0.0,45.2,32.2,54.8,0,0,35.23
ZONE_F,2023,41,0.0,33.7,101.10000000000001,0.78,0.55,0.0,0.3,33.7,112.9,0,0,33.63
ZONE_F,2023,42,0.0,31.8,116.10000000000001,0.78,0.55,0.0,0.4,31.8,140.6,0,0,33.88
ZONE_F,2023,43,0.0,31.1,96.82857142857142,0.78,0.55,0.0,6.1,31.1,137.8,0,0,34.13
ZONE_F,2023,44,0.0,32.0,106.45714285714287,0.78,0.55,0.0,4.4,32.0,138.3,0,0,34.05
ZONE_F,2023,45,0.0,31.1,156.9857142857143,0.78,0.55,1.0,0.0,31.1,175.1,6,1,34.17
ZONE_F,2023,46,0.0,30.4,63.18571428571429,0.78,0.55,0.0,9.5,30.4,100.8,0,0,33.96
ZONE_F,2023,47,0.0,29.7,119.34285714285714,0.78,0.55,1.0,0.3,29.7,161.1,3,1,34.06
ZONE_F,2023,48,0.0,30.0,100.07142857142857,0.78,0.55,0.0,0.0,30.0,125.7,0,0,33.73
ZONE_F,2023,49,0.0,27.4,73.95714285714287,0.78,0.55,0.0,18.6,27.4,111.1,0,0,34.48
ZONE_F,2023,50,0.0,25.1,125.32857142857142,0.78,0.55,0.0,0.0,25.1,138.8,0,0,33.85
ZONE_F,2023,51,0.0,25.9,93.65714285714286,0.78,0.55,0.0,0.0,25.9,113.9,0,0,33.62
ZONE_F,2023,52,0.0,26.6,101.77142857142857,0.78,0.55,0.0,0.0,26.6,132.2,0,0,33.79
ZONE_F,2024,1,0.0,26.6,126.31428571428572,0.78,0.55,1.0,0.0,26.6,155.5,1,1,34.0
ZONE_F,2024,2,0.0,26.0,133.22857142857143,0.78,0.55,1.0,0.0,26.0,166.7,1,1,34.1
ZONE_F,2024,3,0.0,23.8,127.45714285714287,0.78,0.55,1.0,16.5,23.8,189.5,2,1,35.09
ZONE_F,2024,4,0.0,23.5,149.82857142857142,0.78,0.55,1.0,4.9,23.5,189.1,4,1,34.53
ZONE_F,2024,5,0.0,26.7,91.87142857142858,0.78,0.55,0.0,17.0,26.7,148.1,0,0,34.74
ZONE_F,2024,6,0.0,28.2,111.54285714285713,0.78,0.55,0.0,1.5,28.2,136.9,0,0,33.9
ZONE_F,2024,7,0.0,29.3,117.01428571428572,0.78,0.55,0.0,0.2,29.3,135.5,0,0,33.83
ZONE_F,2024,8,0.0,33.1,72.57142857142857,0.78,0.55,0.0,4.2,33.1,92.0,0,0,33.63
ZONE_F,2024,9,0.0,31.5,105.57142857142857,0.78,0.55,0.0,0.2,31.5,117.6,0,0,33.67
ZONE_F,2024,10,0.0,31.5,99.25714285714287,0.78,0.55,0.0,1.0,31.5,131.8,0,0,33.83
ZONE_F,2024,11,0.0,33.8,64.61428571428571,0.78,0.55,0.0,7.1,33.8,77.1,0,0,33.63
ZONE_F,2024,12,0.0,33.8,71.27142857142857,0.78,0.55,0.0,15.4,33.8,110.1,0,0,34.32
ZONE_F,2024,13,0.0,35.5,49.1,0.78,0.55,0.0,10.8,35.5,61.5,0,0,33.66
ZONE_F,2024,14,0.0,38.0,58.728571428571435,0.78,0.55,0.0,15.5,38.0,80.3,0,0,34.05
ZONE_F,2024,15,0.0,36.5,100.38571428571429,0.78,0.55,0.0,0.9,36.5,105.2,0,0,33.59
ZONE_F,2024,16,0.0,41.3,55.41428571428571,0.78,0.55,0.0,0.3,41.3,71.2,0,0,33.25
ZONE_F,2024,17,0.0,40.6,48.08571428571429,0.78,0.55,0.0,0.4,40.6,59.4,0,0,33.15
ZONE_F,2024,18,0.0,43.5,43.82857142857143,0.78,0.55,1.0,1.1,43.5,58.3,1,1,33.17
ZONE_F,2024,19,0.0,36.7,26.04285714285714,0.78,0.55,0.0,41.7,36.7,37.3,0,0,34.91
ZONE_F,2024,20,0.0,37.5,30.271428571428572,0.78,0.55,0.0,4.7,37.5,32.9,0,0,33.12
ZONE_F,2024,21,0.0,35.5,22.25714285714286,0.78,0.55,0.0,39.6,35.5,32.1,0,0,34.76
ZONE_F,2024,22,0.0,35.6,27.97142857142857,0.78,0.55,0.0,60.2,35.6,36.1,0,0,35.09
ZONE_F,2024,23,0.0,36.8,48.05714285714286,0.78,0.55,0.0,5.7,36.8,78.0,0,0,33.57
ZONE_F,2024,24,0.0,37.3,43.228571428571435,0.78,0.55,0.0,8.9,37.3,60.8,0,0,33.57
ZONE_F,2024,25,0.0,36.9,38.67142857142857,0.78,0.55,0.0,24.4,36.9,49.9,0,0,34.2
ZONE_F,2024,26,0.0,34.0,19.585714285714285,0.78,0.55,0.0,23.7,34.0,29.4,0,0,33.98
ZONE_F,2024,27,0.0,32.2,21.585714285714285,0.78,0.55,0.0,32.8,32.2,25.1,0,0,34.38
ZONE_F,2024,28,0.0,32.6,23.785714285714285,0.78,0.55,0.0,12.3,32.6,39.8,0,0,33.54
ZONE_F,2024,29,0.0,33.5,11.171428571428573,0.78,0.55,0.0,10.5,33.5,12.4,0,0,33.21
ZONE_F,2024,30,0.0,32.2,30.8,0.78,0.55,0.0,27.8,32.2,53.0,0,0,34.39
ZONE_F,2024,31,0.0,32.9,25.485714285714288,0.78,0.55,0.0,37.3,32.9,30.5,0,0,34.64
ZONE_F,2024,32,0.0,32.4,26.699999999999996,0.78,0.55,0.0,27.8,32.4,34.8,0,0,34.23
ZONE_F,2024,33,0.0,32.8,41.74285714285714,0.78,0.55,0.0,67.2,32.8,56.7,0,0,35.28
ZONE_F,2024,34,0.0,31.6,31.314285714285713,0.78,0.55,0.0,38.7,31.6,39.6,0,0,34.79
ZONE_F,2024,35,0.0,32.9,20.571428571428573,0.78,0.55,0.0,36.7,32.9,31.4,0,0,34.62
ZONE_F,2024,36,0.0,33.5,21.400000000000002,0.78,0.55,0.0,11.7,33.5,28.9,0,0,33.41
ZONE_F,2024,37,0.0,32.5,32.81428571428572,0.78,0.55,0.0,57.5,32.5,65.7,0,0,35.36
ZONE_F,2024,38,0.0,34.0,67.4,0.78,0.55,0.0,19.2,34.0,114.8,0,0,34.54
ZONE_F,2024,39,0.0,33.5,27.071428571428573,0.78,0.55,0.0,31.0,33.5,78.2,0,0,34.77
ZONE_F,2024,40,0.0,34.2,61.58571428571428,0.78,0.55,0.0,24.7,34.2,81.0,0,0,34.5
ZONE_F,2024,41,0.0,32.0,46.614285714285714,0.78,0.55,0.0,12.7,32.0,99.0,0,0,34.09
ZONE_F,2024,42,0.0,32.2,108.75714285714285,0.78,0.55,0.0,7.1,32.2,141.1,0,0,34.2
ZONE_F,2024,43,0.0,31.6,61.11428571428571,0.78,0.55,0.0,44.2,31.6,82.2,0,0,35.43
ZONE_F,2024,44,0.0,32.3,87.32857142857142,0.78,0.55,1.0,3.1,32.3,158.3,1,1,34.17
ZONE_F,2024,45,0.0,30.4,108.8,0.78,0.55,1.0,2.0,30.4,157.4,1,1,34.11
ZONE_F,2024,46,0.0,31.4,178.14285714285714,0.78,0.55,1.0,0.0,31.4,216.5,6,1,34.55
ZONE_F,2024,47,0.0,29.8,216.07142857142858,0.78,0.55,1.0,0.0,29.8,251.5,7,1,34.86
ZONE_F,2024,48,0.0,28.9,179.70000000000002,0.78,0.55,1.0,1.6,28.9,288.7,3,1,35.04
ZONE_F,2024,49,0.0,28.4,192.72857142857143,0.78,0.55,1.0,0.1,28.4,245.9,6,1,34.82
ZONE_F,2024,50,0.0,27.0,172.44285714285712,0.78,0.55,1.0,2.1,27.0,203.5,6,1,34.53
ZONE_F,2024,51,0.0,27.2,174.42857142857142,0.78,0.55,1.0,9.7,27.2,235.2,4,1,35.18
ZONE_F,2024,52,0.0,27.9,172.02857142857144,0.78,0.55,1.0,0.6,27.9,245.9,5,1,34.84
ZONE_F,2025,1,0.0,27.0,209.3,0.78,0.55,1.0,0.0,27.0,256.1,2,1,34.9
